componentId,imageUrl
6co1t8WP5JUkQ2f5MeXahZ,https://images.ctfassets.net/ta4ffdi8h2om/2vG8jdo2Vwfs8KTW0IEZeh/9fb1b8e80ad8df7c211c6c44a2ea3395/Eo_circle_grey_checkmark.svg.png,0
3zUSxKxgKxXBF3cfCtsupS,https://images.ctfassets.net/ta4ffdi8h2om/6WJsTAAxzQt9hJnZ6YAzfw/6e35b8636be6353e04c00066d5effac3/Rectangle_122.png,1
4G12HmA5DuaKYLFuKFMidJ,https://images.ctfassets.net/ta4ffdi8h2om/3yEqZ8uyl7uNzSyDgUhOXd/01be44ddc8e13d11ae7ca477fa1e98d9/Rectangle_122.png,2
2bFd26no0ONsozJdsuQlR,https://images.ctfassets.net/ta4ffdi8h2om/1NPOd6o9b02Ao3jn0XBw29/e0b2f02dd4c6f2f4f2c3cf72c0fe7bae/Rectangle_122.png,3
46bhOD47ffsxupd93dBavr,https://images.ctfassets.net/ta4ffdi8h2om/5k18tMbrxN2d0Ca2LPqws2/e1620db73acf47a06427f1c0c21c8e4d/Title.png,4
5ON5Zs27988A29qxpCZSgM,https://images.ctfassets.net/ta4ffdi8h2om/3JVkBgR7QakeKt365SzmiO/3b527c6c05c6de1d81a37738445f404a/Rectangle_127.png,5
66aQyrGdGXI4s36g1sQ1vm,https://images.ctfassets.net/ta4ffdi8h2om/3exLLpnSMWHGdUnMurymb4/27ca239315d67c1eda4240668036aa01/Screenshot_2023-02-22_at_10.45.55_AM.png,6
5wG5iXfxnK04vdNs5Zh2r1,https://images.ctfassets.net/ta4ffdi8h2om/7BBl1OF0Ua2RqZw6FDqpf7/33d897d5b6765f6f773f76ec876bbc6f/23-CS-JuliusBaer-media-block-1000x1000.png,7
1c6wsr1PKsLjhD6gt0c0Fj,https://images.ctfassets.net/ta4ffdi8h2om/4xCPCYHOr1nYfBur9y6gTS/b60b38eaebae52a1f150b63d3ef3ca44/23-CS-JuliusBaer-web-media-block-collage-1000x1000.png,8
57hllRt28SsrUjAFhNlRMY,https://images.ctfassets.net/ta4ffdi8h2om/3VcFQ3xVKY5mag12Kz2vYA/5acbe882b2c0ade96ea34497bdbacd49/23-CS-JuliusBaer-web-hero-triple-block-1000x1000.png,9
3DF1AOByq8EsFkq7KHmMO1,https://images.ctfassets.net/ta4ffdi8h2om/1Jte1ZV2suzC7vjTdbwYuG/8609472a9250034ffa8a90b1cc432eef/23-CS-JuliusBaer-web-resource-image-card-451x286.png,10
6Vt9Lyyt3kLV9sbWPqr9i9,https://images.ctfassets.net/ta4ffdi8h2om/1NKtY1eus5h5iHEzAKBj7y/5ec4da187a352b246997540d48d3868f/output-onlinepngtools.png,11
6wNkO4qL7RXYF5ZjVGkn2T,https://images.ctfassets.net/ta4ffdi8h2om/44E2bVPHw6xpUMWsduHd0E/0ea7fc6a422b493c8d46a3ef1c0e3f47/webinar-content_gtm-web-hero_image__1_.png,12
mnnK6s11ssFMxTu0Z6eid,https://images.ctfassets.net/ta4ffdi8h2om/C5vdRrc9SBl20FgHBlmqV/8a5dfe5bfaefadabf6e073185a4312ee/Headshot-Timothy_Yeung.jpg,13
6OExBynYX2bZini83Hn8tA,https://images.ctfassets.net/ta4ffdi8h2om/2Q9iKk80qt2LyLXTRmMcZH/1ee6e9ab668ff1a375ca06082d9125ef/Headshot-Eileen_Kwok.jpg,14
2OKEO25T9y8QYiwL3nRxBc,https://images.ctfassets.net/ta4ffdi8h2om/2F8vdSbTskDJTJEgj9vMJW/52f10ffc43986e73781efcd5a16922fb/Untitled_design__2_.png,15
53KnQj3onxtl49H637Z2Hy,https://images.ctfassets.net/ta4ffdi8h2om/5jgofCfyqphxmF3GDrvZJF/2b7e028504a68ad729b5988f0e741309/web-rebrand-hero1-1000x1000.png,16
72l7cSwx6qN2pOLDwWrsh1,https://images.ctfassets.net/ta4ffdi8h2om/4YNW1iuRcJzNl5Be6Edfu7/c1d54f32bf3f9b4cd338d01f4d741078/web-hero-contentGTM-1500x1950.png,17
66JWxCT2TrahnJHyI54HQH,https://images.ctfassets.net/ta4ffdi8h2om/2sfRLS3cgadsc5Re4xj8Nw/c8832cf45037d490f583975f68142ba1/web-preview-contentGTM-450x280.png,18
4pkLTYa2mnvOhFCDr4P6b5,https://images.ctfassets.net/ta4ffdi8h2om/2RepnjRh3kLOQ6ODgJ0MoV/c9e94d7003b64081b5be7cafbbe98d9d/web-header-120x1200.jpg,19
3Lw7hvf8zQkcw1DVq4jFiP,https://images.ctfassets.net/ta4ffdi8h2om/S30kpQJ0FwNtmY2EJ5GLv/e8b9622810c8cda2f78b49c3181091d2/big-hero.webp,20
7JFODTxtgVaCfP3leMK5qL,https://images.ctfassets.net/ta4ffdi8h2om/3g5CxRHUvvulDJTjJ2DDBa/b1d56ec17635340b0422b06f16a4f66d/23-CS-WitnessChange-web-media-block-2-1000x1000.png,21
LPkBxrKhjcaxgHZEVH3q0,https://images.ctfassets.net/ta4ffdi8h2om/OKaH5Ywy3L2dNO8q71OWV/cc7316b2913e66b6604ddda946145a5c/clarins-heart.jpg,22
5YIW4e9qJgOuqwWZNr2tOg,https://images.ctfassets.net/ta4ffdi8h2om/4MV5GUVgMcXmtk7WoEjkVW/4dac0d2aed3eaf98a83cefc42c3b4fe1/HS-ProductLP-Accordion-Monitor-V2.png,23
3cIRAueqXpP68VkWPzPiQB,https://images.ctfassets.net/ta4ffdi8h2om/5f606e1AVaoQvr1CHAKdoR/7a611ae0d67eea869220b38fa5ae630c/HS_ProductLP-Accordion-Analyze.png,24
6X0qQytv07Jr0BP81CpD4u,https://images.ctfassets.net/ta4ffdi8h2om/6luFPvQQCKZkKGjW38wQAV/71c18137b9838f7a72b6612269072f6e/HS_ProductLP-Accordion-Engage.png,25
4lSdqVc5P6cxtdpyoKedAz,https://images.ctfassets.net/ta4ffdi8h2om/4971UGk1vU0JvH31IghAww/665e4b171e922c9070294130e75297e2/IMG_6475.JPG,26
4pT2z4GMKfV5g8z6gx0Yt6,https://images.ctfassets.net/ta4ffdi8h2om/1HKx1obQD5UrNVfG6fTH1a/7f11f842b74d8238767fcec7c689e394/Hootsuite-Owly-saffron-OnTheGo-rgb.png,27
1VVqeau75j7XSdUzKfPRsU,https://images.ctfassets.net/ta4ffdi8h2om/3csaT5H54FYxn6jZPTdIaN/ab50ee27f4f118cc4de1267ea1f7f626/20180205_Portrait_edit.jpg,28
6aiNpHVX2A8a7q9ne3SZoW,https://images.ctfassets.net/ta4ffdi8h2om/1AzSFPPyX6nk0KbGaxA1JZ/2d5428b11e34e8b4969e1cb5e01970f7/23-CS-WitnessChange-web-triple-block-1000x1000.png,29
7bjkS9C8GTiffEzwNWTH4p,https://images.ctfassets.net/ta4ffdi8h2om/5VIWFPsymVIfMvC8FdI7N8/ebd096cafac5f199545d6e575b407b23/23-CS-WitnessChange-web-resource-image-card-451x286.png,30
3gkXFSsz9YWQmSn0axXU0f,https://images.ctfassets.net/ta4ffdi8h2om/2aioFNOS5dXt9dfkmbPF0k/86ac2a46a5a73d0490359ff95ae2a999/Card_Image_3.png,31
1A2XyHHBhOAvE1J18XGPG8,https://images.ctfassets.net/ta4ffdi8h2om/6VnsevlkzPWvUXVnBOnzjS/b76c22d4f15b67f71e1b61afb685bb2d/Card_Image_2.png,32
7s6resAVstVZhQ3KIWlTlb,https://images.ctfassets.net/ta4ffdi8h2om/2gBSuwrDEX0tKB4aAhuuYD/9cf26d6d526a11aa910f6ab76c78642f/Card_Image_1.png,33
7wsRX1chirgSTkpdFJscvM,https://images.ctfassets.net/ta4ffdi8h2om/3I6KU5kHazaMwNd5XcIZLJ/117158671fdb5c5c73e367cd30068531/Irina_Headshot.png,34
1e5L3RC5vk3dtiB8hmBr33,https://images.ctfassets.net/ta4ffdi8h2om/2Bl5X0Bx4kIBxJDBDsm4kU/37a251190d5cbd41e9a29dba45b77355/Webinar_Deck___Copywriting_workshop___Aug_17__10_.jpg,35
4HwxbYNRhUZ04hOHaHx8CY,https://images.ctfassets.net/ta4ffdi8h2om/6b5suZRn4nqOzzKiGjZG2L/1a30cc0b64c6e202d5cdfb6e2dc659bc/Webinar_Deck___Copywriting_workshop___Aug_17__9_.jpg,36
7cP65uY9LfQltFl7mA0bbl,https://images.ctfassets.net/ta4ffdi8h2om/4iUUWn1Mg6BLD1cg2VMaC8/0729f8ba9bdc3045c601f246d57ce8cf/Webinar_Deck___Copywriting_workshop___Aug_17__8_.jpg,37
1LBrrJw7voAdvhoOA1auHF,https://images.ctfassets.net/ta4ffdi8h2om/3MFnXgOA3E9PE8QTaqQ1Vq/02b18fa596fae73999b15364309aeb0d/Webinar_Deck___Copywriting_workshop___Aug_17__7_.jpg,38
3Q0ncNnwGnw0izsUHZbovH,https://images.ctfassets.net/ta4ffdi8h2om/6l2KML5biZHEHCFBtJzdlT/de198a27a185c3c79eaf2a27278325e0/Webinar_Deck___Copywriting_workshop___Aug_17__6_.jpg,39
6WrlsZuOvF21idV726nNk,https://images.ctfassets.net/ta4ffdi8h2om/4qhi7BtacdBcczMFM0bEPl/e3ded59c8bcb74ab053305c583bdc956/Webinar_Deck___Copywriting_workshop___Aug_17__5_.jpg,40
6ua9tNGFrp9q6AlHBgFGNW,https://images.ctfassets.net/ta4ffdi8h2om/745yDCwI43twfdNNbBfpfg/7083641b9bb38d22f25a4354faaa51e2/Webinar_Deck___Copywriting_workshop___Aug_17__4_.jpg,41
6cDqzx5ktJUxNBtiGr1N34,https://images.ctfassets.net/ta4ffdi8h2om/5p5QlY1ieSgBIJgnklBBua/60bb87ec4804afba751b6a72a9839606/Webinar_Deck___Copywriting_workshop___Aug_17__3_.jpg,42
5PL2cRXi7SJPGTJseA3vdn,https://images.ctfassets.net/ta4ffdi8h2om/gqpFbDTpC4KklouY9TujQ/394179c8a1d7119e2944605b1f4a4741/Webinar_Deck___Copywriting_workshop___Aug_17__2_.jpg,43
6iECMup04equa42CXXuoMU,https://images.ctfassets.net/ta4ffdi8h2om/dh6KzPhFi8azhDakEJsuI/e9f9e9e0157aa2fa8b487aaf1b260f24/Webinar_Deck___Copywriting_workshop___Aug_17__1_.jpg,44
XPHof5yjgwAAmhtZPbnYe,https://images.ctfassets.net/ta4ffdi8h2om/4YAtX54yeXvBANIyFde03t/456e8b3c77bf6f6a7d38a807c98cc08a/Webinar_Deck___Copywriting_workshop___Aug_17.jpg,45
6r9uwMODqREYwXkvtEb4NH,https://images.ctfassets.net/ta4ffdi8h2om/BAGSZMFgCWMRAFQrjgpxD/88b24b94e3cc2c28690a333c4f741f2f/Christina_Minshull.jpeg,46
5MCYIW7o2YqLWYVlL2kKL0,https://images.ctfassets.net/ta4ffdi8h2om/2Bd5duOMDLsFqTICUhtMXh/df9dfc6f2259bef45059983425de55c8/22-CS-Stocksy-web-media-block-collage-2-1000x1000.png,47
1aZXcbsYoGIoYpfljgdvCK,https://images.ctfassets.net/ta4ffdi8h2om/2nFS3PSeG0ZfvzeZuBgSkJ/f2a078a6a2cd997c39617592ee23e211/22-CS-Stocksy-web-media-block-collage-1-1000x1000.png,48
2pjkhL7c1nxrPhuoMe1Rib,https://images.ctfassets.net/ta4ffdi8h2om/NkO8che0XdNDuZDfnxqVn/34b7fdfd2855093284dfe7947b272986/22-CS-Stocksy-web-triple-block-1000x1000.png,49
2ZaaWOSJPvjmcS3I4gIlAz,https://images.ctfassets.net/ta4ffdi8h2om/4es0lMeABNdnwgcQ8b2nUP/882de52020008c0657a2099ac9a8542e/22-CS-Stocksy-web-resource-image-card-451x286.jpg,50
4r7d3PMGieJOuwk59xI9HP,https://images.ctfassets.net/ta4ffdi8h2om/4qKhQoKVbPCeemGYwpg98R/cc7ea08b04d5fd20f2632ee4650c42e0/clarins-mediacard.jpg,51
1uvksaHZoGMhGBwFnMWcJ0,https://images.ctfassets.net/ta4ffdi8h2om/74uU4KvLQXzQd5ubmKiMAu/d52f52ac7a84a8ca2837c90d762a1e52/HS_22-CS-APOrchestra-Collage-1000x1000.png,52
fSdoIm1FSOJwjbZLeYHFd,https://images.ctfassets.net/ta4ffdi8h2om/7BT77MKaYUlqoN9wjg2MP1/b98e0022d3dc63afa891bd9ceadeffdf/HS_22-CS-APOrchestra-Collage-2-1000x1000.png,53
3BFt0pz7lfXJ6zthpybmgP,https://images.ctfassets.net/ta4ffdi8h2om/4efc6TtyWtwGVLFYo9WAId/729ad23f9388d99900b3f2f055ad20c0/HS_22-CS-APOrchestra-HeroBlogImage-1000x1000.png,54
7R9GNei3Uf37njeDZ4Nad,https://images.ctfassets.net/ta4ffdi8h2om/1j9Sj1IlP15g6EtcqUxQJK/4cb49a2418511414087158fad6b0a8a7/HS_22-CS-APOrchestra-ResourceCard-451x286.png,55
4opOkNMgrmSSkd9wWf2C0P,https://images.ctfassets.net/ta4ffdi8h2om/6wFwDG5VbphhN2RdnkD49K/5f78db855ad9910764a7278ab188fa9b/thmb-BritishMuseum.jpeg,56
5RAur7YtOCaj9vxgjC8gV1,https://images.ctfassets.net/ta4ffdi8h2om/6tS3DarBDSexFmuuuLDp8u/e5a689007df3f165bc61c7c60a91c6f8/Laptop.png,57
7eHtT7Zr8ILjlMBmkiHRjv,https://images.ctfassets.net/ta4ffdi8h2om/4G5F602xLI3tuKDlWOa30a/f90093ed69c94ddcdd01b8cc5ffc00a8/Hootsuite-Login-Page-Instagram-Feature-v1.png,58
2m8V9abHRn7Y3iXiZ26Nqn,https://images.ctfassets.net/ta4ffdi8h2om/3kSRpRtjzIVs4syji7CCic/e10258d16294135ed497c4b5be99a026/Instagram-featured-image.png,59
5IxtxoiGrsfIeXTxdp7Fcq,https://images.ctfassets.net/ta4ffdi8h2om/7BE0dIMNKSldh3cQaikYxQ/4fe636789e8ff2bcd8e35ca511775c93/mural-chairman-ting-1280x800.jpeg,60
1FPuszxFCdyGAaaPiplz17,https://images.ctfassets.net/ta4ffdi8h2om/1f9ZPbEewECNLWbsIpkozw/7b49b329dd2884f41ef9db2f383e27ac/mural-owl-eyes-1680x1050_170526_170829.jpeg,61
NeA7smff9G5bE82tbUk1a,https://images.ctfassets.net/ta4ffdi8h2om/Sq1UVMHDbKphxQUhk8OI9/9505ff7e5f15ad18c73fc92399587f68/mural-owl-habitat-640x1136.jpeg,62
272wKSVp16W0ceY49tGj91,https://images.ctfassets.net/ta4ffdi8h2om/3jv22YMVZYkL63oPBjyUI5/c6ed81b5fa3e322c5b97f290a584ab33/mural-stagette-1280x800.jpeg,63
5zTSrq9ZHC5PNRO4FAlTiA,https://images.ctfassets.net/ta4ffdi8h2om/7IMCfRBhbW572OnqXP5y1g/03e3d066c87285e1b722ba4ec7520467/mural-the-treehouse-640x1136.jpeg,64
wdKF0qq2d189AUN86dUkF,https://images.ctfassets.net/ta4ffdi8h2om/5JR0G0Mvn2oNZlAB1HxN3a/247b6ce4fcf015091206fe6ad757701e/512px-owly-black-suit.jpeg,65
4L5UtVpPX1XBiWwncsCGyq,https://images.ctfassets.net/ta4ffdi8h2om/1WoGv2jdPMVySpKQCSauml/bfed7d4a052be795855d3309b639094f/512px-owly-ambassador.jpeg,66
6EMZBXX5TbR0rUIgC8BEYf,https://images.ctfassets.net/ta4ffdi8h2om/25RbOWGXgj4UOjNPua3t3r/f7bdf1107e6dbcd634e256090290f702/512px-owly-mother.jpeg,67
5YMQkgC5AlaicpSFfDvn3w,https://images.ctfassets.net/ta4ffdi8h2om/SkwcsHhyjOe3intr9LG4Q/5f74f459812c5b72f1e432b98b8b3551/512px-owly-lumberjack.jpeg,68
5zJGR1FxS5A8clfPpSCi7t,https://images.ctfassets.net/ta4ffdi8h2om/11x3xt4dr0Ucv9tyoT69X2/fa426d25e75f35f3252d35f6ff12818b/512px-owly-bike.jpeg,69
30pqCJH7LH56e5I1IsEvGO,https://images.ctfassets.net/ta4ffdi8h2om/6MSkg1e2rg1vR8fes3ZlJD/48029747b22e1fa3f3af2628ad28cfc2/web_covid_FSI-resource.jpeg,70
227DiHEv3DH1NBoSYlZ9zd,https://assets.ctfassets.net/ta4ffdi8h2om/3eMunLwJX9MGTlLesdKRkL/0df6632e369a38511e14b0e104c7d323/owly-favicon.ico,71
1SngY2gh8t3pBn369vHW1n,https://images.ctfassets.net/ta4ffdi8h2om/11vCwih9kbqoq2mW0ZX5vy/206a8724fd7b1502ea8c0f4a516a6d6a/social-share.jpeg,72
1SPvzN7fF9UxqIOf3FEu6w,https://images.ctfassets.net/ta4ffdi8h2om/4jVsExMoUK8WLO2ERagxBP/6bff43c9063f4e03e4974d034ccae51e/owly.png,73
okG22bJn4uTM1km7PJkQT,https://images.ctfassets.net/ta4ffdi8h2om/6YrGjcOLadmAk1t2i42urt/1b4df34b7d3e9e63fdcb0c61776fef95/Untitled_design__1_.png,74
36rXiHsVOKqg2CWKbDU2kD,https://images.ctfassets.net/ta4ffdi8h2om/2BkV58cQduji39BZ08Kgns/81c8527649b5b2399d403c75c48cea7f/Untitled_design.png,75
27enetwZGvCf2KBgBqUw48,https://images.ctfassets.net/ta4ffdi8h2om/7jZji7iDrAviKkIfsIVE4Y/abc081728652ece33189be9a7089b0c8/_DSC9397Brainstore.JPG,76
44f7vmvBggesCPS5bZ0b5h,https://images.ctfassets.net/ta4ffdi8h2om/6qmVerJVBsqXBvm6p6GkPc/00fbd81bcc79755c67531eb4174da21b/team_plan_1.png,77
5ZWJNRDuaBg3JXPHlbXphA,https://images.ctfassets.net/ta4ffdi8h2om/6yQBIzy0OWGucgBpFAy50e/d014d2833a61d583c26a41ab18e6464e/professional_plan_1.png,78
15fIcZahSOsagryhbzSJIp,https://images.ctfassets.net/ta4ffdi8h2om/6jL8aizJnFkorbeZxcZ3hY/beed86fafde1641e79a7ac71dc0adc63/trends2023-in-app-messaging-image1-458x250.jpg,79
4P9BmjdgFdJqUPCWmvuOiI,https://images.ctfassets.net/ta4ffdi8h2om/5pkn9sGWIoojasSk0thyzi/e7edd6096d3021555360116f4ebd3087/trends2023-in-app-messaging-image1-458x250.jpg,80
3ZzfiUiWVV6FBN0FOv4VzX,https://images.ctfassets.net/ta4ffdi8h2om/2RJciWMuoAMYMeWurC9SIM/0a2a050d450c66f443a2399283c28593/trends2023-in-app-messaging-image1-458x250.jpg,81
4BiPwjev4DzbzfucbTMxwX,https://images.ctfassets.net/ta4ffdi8h2om/71G27EgfWC0f43sFLW7Krs/34a62b928d1cd99d03d1a155e22f96b7/HS_Trends23-UnbounceLP-Hero3.png,82
3B3AiU45PQvwNY3uCkkx3E,https://images.ctfassets.net/ta4ffdi8h2om/5sZeW85dhBnEPaW4LAl6V0/ecf0e8669a6f4cd915c14df7a0052f27/HS_Trends23-UnbounceLP-Hero2.png,83
6xZOeXKOG1YbqKkeMU6ei0,https://images.ctfassets.net/ta4ffdi8h2om/2JceSUfiSMXVCrH3T6yk2x/2838491f826ad1fc6e782258b3350428/HS_Trends23-UnbounceLP-Hero1.png,84
34os9Hs13EX8ywRXAV4v3Y,https://images.ctfassets.net/ta4ffdi8h2om/oRawfmXyl84VDLBlgtwtz/7e96890cf1d4b92a7e53896ed535fdb4/1632404194646.jpg,85
5b0OPG2a5Uj6j88xaH9bGX,https://images.ctfassets.net/ta4ffdi8h2om/7DZH6G289XZKUyJrQpwdRB/e186b7bf5500a3b8d71c445143452e52/web_webinarDec7_res_451x286_2x.png,86
29zVwa8Tpujui5D7SI8frE,https://images.ctfassets.net/ta4ffdi8h2om/ir9NmDQVUWszDBu5HOAdD/871efa4e0ad68fdf3a08db85903cc8a2/BrandLikeAProWebinar-Sept2022_Goldcast-EventBackground-Mobile.jpg,87
2voxLGS3yx6b8Du2NbNmlc,https://images.ctfassets.net/ta4ffdi8h2om/5o2izCeQ3WSc3ih65a31gp/224f47197e98db2572324535c1c639f3/Headshot_Lola_Chamorro-tea.jpg,88
6dFsFtlHwzz3KLqIFPhVWd,https://images.ctfassets.net/ta4ffdi8h2om/6FjyIbF93QCYOIx2xVjvlL/7f3f6b7ddda61aa24a950e485a65b0ac/Headshot_Jean-Loup_Wirotius-tea.jpg,89
66PcGNNCoEa6AvrO0KpZga,https://images.ctfassets.net/ta4ffdi8h2om/jW7baBx2pIiqIhhGaUTR6/52e2984170070dac9f9aafcb1a79ecc3/webinar-Amplify_campaign-web-preview_image.jpg,90
4ratYyhlTBBe4jYx7hFPFo,https://images.ctfassets.net/ta4ffdi8h2om/4nxvXs1bsPP6STbYxKfUn3/c080f070fd6c1946a80faeb09cd89a09/tech.svg,91
6R51ynyUI4OTYjIGrU2V8x,https://images.ctfassets.net/ta4ffdi8h2om/2yj87xluaAurE7ssoVc4It/843458dcf2de32af004cec025ace520d/non-profit.svg,92
717yvAKP5tfMrxey02SZG2,https://images.ctfassets.net/ta4ffdi8h2om/3VdzxF0tCysT8e4rSZMaNZ/0f322f2e3c4f29e21594c99ede113401/travel-hospitality.svg,93
6L4Ox2ms5InCbgufGfdGJJ,https://images.ctfassets.net/ta4ffdi8h2om/c7upWivOwkv9iazYjH57k/5ab055b587e4eb0d444e7b424e8d7d40/professional-services.svg,94
7mmFb49PDJYSso32nyWnxC,https://images.ctfassets.net/ta4ffdi8h2om/6MYsGIeElOsvaYJPG4xHUU/4ae99a0fe38f38e97c5d0ccc3d5ab655/media-entertainment.svg,95
66nkFXeDrtvIgpRnx0bPBg,https://images.ctfassets.net/ta4ffdi8h2om/7tUFaPBHPn4XADpEgD1L7Z/2b8e357d50123ed1f6a23c3ec65b188f/Hootsuite-Owly-nocturn-OnTheGo-cmyk.png,96
2JTrM7mQFg9VWZHvsInfq3,https://images.ctfassets.net/ta4ffdi8h2om/3YgHqzPIzhgNCFw78DdGpA/07641cae4eed6857c023c7cef2b04714/thumb_square_45a292b4965e9d29b2fc542e892ffd68.webp,97
UuGKk2EfMsszLbP7AK3mi,https://images.ctfassets.net/ta4ffdi8h2om/1uK53gldhiPD1pD8C95ZOU/456befea03d26e091ca52b1059008d12/Rectangle_110.png,98
6QpsoIujpYa81xNCTgmpbl,https://images.ctfassets.net/ta4ffdi8h2om/6JOaRM2agmL3ofl9Snf51O/53d2c38bbed2c7b1d12c48622cb984cf/webinar-Amplify_campaign-web-hero_image.jpg,99
57V7l8c0xM0fNk8MnnKLC2,https://images.ctfassets.net/ta4ffdi8h2om/5Fyek7HDFa7mxPlfCmYnX8/ea936232832ade7d5c7eeff40bc06611/22-CS-Stuckeys-web-media-block-collage-3-1000x1000.png,100
4I9sFc4GwVrGzmFWU9jAZ5,https://images.ctfassets.net/ta4ffdi8h2om/1uLigAuYNs0VIzMe2QEAqO/a225ae8850a3a7bc0f533812d9d94f27/22-CS-Stuckeys-web-media-block-collage-1-1000x1000.png,101
3Uxlt1JGZz4Mtyz7N5ZLBU,https://images.ctfassets.net/ta4ffdi8h2om/9xBAjdmkDLURkAUvkaeGQ/e1f9119649c3d44ec56b985090f7ec34/22-CS-Stuckeys-web-media-block-collage-2-1000x1000.png,102
2c4HXTzks0lw8eKHO1jHTp,https://images.ctfassets.net/ta4ffdi8h2om/7ocKfNv9NNEuDMWOE5fTwd/327cf6451a127dc71db7939063a3950f/22-CS-Stuckeys-web-triple-block-1000x1000__1_.png,103
7IUu15zsKvs0JLsltpzbXe,https://images.ctfassets.net/ta4ffdi8h2om/7CbIlPKZA4bIhHBMrstaPE/7cefc7a3556ba45c4c43e8eca963bb64/22-CS-Stuckeys-web-resource-image-card-451x286.png,104
5HYDBMcBlAHk7piFWLONqS,https://images.ctfassets.net/ta4ffdi8h2om/5fl41jpn1j4ps8xy4LAiPa/d9f7455b98b49efe1370ae3c31e6738d/image.png,105
7FzxYtf2jTn2DhI2hSrIDo,https://images.ctfassets.net/ta4ffdi8h2om/hcWqV3hrfJh8aXvjA5Twh/9cc6b094243c706c6b774c106a0f3d26/GettyImages-643644424-Owly.jpg,106
4dPl97bC1MY0OEqjVWN6qm,https://images.ctfassets.net/ta4ffdi8h2om/12pGYCK9MSrEXVUIkxh0ec/842cc4258a56897854bd09436758196f/D22-Q4Statshot-WebCard.png,107
4Yz2ZHdjhPajDHIbPdvDHz,https://images.ctfassets.net/ta4ffdi8h2om/ZM8xAvNtNfKtJI1O5lnSU/c6a22129fea635ac390ad518c6f82e3e/Registration_Form_Banner.png,108
2IrcegBbQ5vrqGkQsyWUV2,https://images.ctfassets.net/ta4ffdi8h2om/46TfjCJvZw02opTvJ0tGU2/9507daf33286b07c5060ab8216d279ad/Rectangle_125__1_.png,109
1LiT3PSRMpx89cvprwiMk2,https://images.ctfassets.net/ta4ffdi8h2om/4TiBkXB0T8En4rm9fuxZwo/bae657a0a1dab7bd1b023cc36a33fa34/Rectangle_110.png,110
45mi7MbkHJGhMhd3WyTlEz,https://images.ctfassets.net/ta4ffdi8h2om/792PdUCyz6109SkGXvCtxJ/0d5b9060573cd6032e524990e0f3dffb/Rectangle_113_copy.png,111
3O6ZnkFW02T1apb2UEYVis,https://images.ctfassets.net/ta4ffdi8h2om/2CB6OXhVkW4xS2nGhdGj89/83b915f7e6eb52871f6ae03f25ad599f/Rectangle_127.png,112
5o2lB0uYijuNIAVpTtOLZt,https://images.ctfassets.net/ta4ffdi8h2om/4gaVbjkt3xqABIYSGD56kJ/39a03d817cadfe76870afe7e780b4602/Rectangle_140.png,113
FepyxBVWDtw3GPLxt6MCm,https://images.ctfassets.net/ta4ffdi8h2om/1X6cf3ONvlMnFP8jXmATZY/db8e5393690721b24dfb781871468f0a/Rectangle_139.png,114
1dU0BDTfGMngNzrggxwrMo,https://images.ctfassets.net/ta4ffdi8h2om/vKYBbqxUyg9m1KIfqbXWC/3039e656c275eb7e7155563912d728ba/Rectangle_144.png,115
4TfUb7aLS2whfujYwClBnB,https://images.ctfassets.net/ta4ffdi8h2om/2AhbbhQsjyMrVHfYfN0Gyv/2cce82dd0f0b36241e87b0db41fdff2d/Rectangle_148.png,116
6IKrIcb7gBUPPslvJPXPCZ,https://images.ctfassets.net/ta4ffdi8h2om/1WGEYmTikXBhzrQz6JWYkA/46747666cb0b23e2b4f1dd940d164934/Rectangle_121.png,117
7KACLK2N6v7wwByUKs4WA2,https://images.ctfassets.net/ta4ffdi8h2om/1p9zqdiRi8j5soQgDeSKxB/430d171308e102aa6d6fbeeafc2f8999/Rectangle_91.png,118
7tpImchE6Jx5ZFOvwUYt2I,https://images.ctfassets.net/ta4ffdi8h2om/1qqRSOiByTfwGJkakplF5A/713a243ca8ed74d9d54f0ac7f5425474/Group-10.png,119
7pU59kgYdQlJjqtdhh9kXs,https://images.ctfassets.net/ta4ffdi8h2om/6kr6JViSZk5uCeI5q9aGkP/8a232effcbc7a26ccc133e35ffa4bf06/Group-9.png,120
1PlLEjv9kNepRm8C1uQkIS,https://images.ctfassets.net/ta4ffdi8h2om/6Rx6KhVcIBzPX6ifUr5JU9/83e6fa8b9854d84b24b17dd229a899c5/Group-5.png,121
3d7QwoXemmfBqH4C5Atw4,https://images.ctfassets.net/ta4ffdi8h2om/3SJ8taZbHl3A8x6vxS6DZJ/e7385a9cd592cd0e52969e9cae5350eb/Group-7.png,122
RKH3hIEB74MnzfV3IooAK,https://images.ctfassets.net/ta4ffdi8h2om/3n4VRShOXSe5ZBCuAlXNMZ/ad9bb22a88d5aaef6d79c963b4329058/Group-8.png,123
1L1JuPY8efKLQ7tuFJgWAP,https://images.ctfassets.net/ta4ffdi8h2om/57A1QCEohaeJ5L5EWzXLLn/dea59f89e0276b965d4b9f30597fe752/image_01-2.png,124
1Vk2oNCtiH5x3JdfkhqtF4,https://images.ctfassets.net/ta4ffdi8h2om/7vadFovTn4pYIzkuXYlkN9/d721e6fa4387aa1023399e49cceee89c/Group-11.png,125
5mxSWICLpunVCdLa75YzHG,https://images.ctfassets.net/ta4ffdi8h2om/yboyx2TpXZCo661sViywX/22bfa6faf0f0a9645b55efdc93b7b97a/Group-6.png,126
rUMfCWjJG9yP83djTOf8z,https://images.ctfassets.net/ta4ffdi8h2om/1TDyt5JO2vWUcfkFzoaPei/a783fb5428a015c0e51a3d182d91094b/Apricotton_name_2970x-1.png,127
qnJbco6r1z0QjKnn2C1S7,https://images.ctfassets.net/ta4ffdi8h2om/zHrS1NVtP8yzk3nDoRkB5/bd09e73855c50030621bc2eda22e50ae/Group-12.png,128
1M6gNzPOr0QE4qSJuMqy9q,https://images.ctfassets.net/ta4ffdi8h2om/lDvKi1PZ9swhAzMjDjghD/ddbba4bb12832e66ec150a5081b70205/SMB-Social-Makeover-_-Written-Case-Study-Design_resource-image-card_451x286px_2x.png,129
2GOlVjQceYYDWrmnA8DqYG,https://images.ctfassets.net/ta4ffdi8h2om/3r0gQvl1Wq2Z2mjOboJqhW/68e2fe11eff74cf1d5852387240897fb/22-CS-Innovetive-web-media-block-collage-2-1000x1000.png,130
7vw1yJOyUMPKNCnB1MaLkQ,https://images.ctfassets.net/ta4ffdi8h2om/5DKHCevoeuMMlOuzDvBK0K/f16797b5c2de0e483d51a23d1693316d/22-CS-Innovetive-web-media-block-collage-3-1000x1000.png,131
1DBvlRkEP0bgIFU78LeZRx,https://images.ctfassets.net/ta4ffdi8h2om/3mA03IrjdWHVfmZH0Jj9Uz/9b86db75d537e8e5622b5fd3959c8cfb/22-CS-Innovetive-web-logo-180x49-gs.png,132
9F15ys3BrxuLlrhAedSv7,https://images.ctfassets.net/ta4ffdi8h2om/53uVxfP7eMlozh3xtw4m6P/f669ebeb19fcbbac7d3babfe7f06ac5a/22-CS-Innovetive-web-media-block-collage-1-1000x1000.png,133
6XCpcnEjVsTAZMVm637RnI,https://images.ctfassets.net/ta4ffdi8h2om/7hayeZzqJXwR5rAwr2ysPs/0a6ceea407a8e63c977fc473117b5012/22-CS-Innovetive-web-triple-block-1000x1000.png,134
6KLY6LnrXOdjtHZ8dWOaid,https://images.ctfassets.net/ta4ffdi8h2om/2bScGcy7JtfQULPjycBUap/3d376aa2baaf5449e85e225c62ba5f80/22-CS-Innovetive-web-resource-image-card-451x286.png,135
7D1E2QqaHd10OcOGagVihB,https://images.ctfassets.net/ta4ffdi8h2om/4tNPyLuWgaF8VEGBZGj2Q/1fdcf2adbe30451f7d479876a4106049/End_CTA_Asset.png,136
4HafsVIQs07UVBqKmWITOb,https://images.ctfassets.net/ta4ffdi8h2om/1ff6ZWp5Brd3K5GD4chZKS/17778cc17da3a4a58ba0c96566fdf9cc/Feature_List_Asset__1_.png,137
4FAFuUBnnPG08tENhk1F8s,https://images.ctfassets.net/ta4ffdi8h2om/6fyahDykORLAnD5F7lRZxF/55136e2c614f5023b5d2ed1361cf356b/22-CS-U-Haul-web-triple-block-1000x1000.png,138
63GKXcBXC6dvCa6qbSWpJw,https://images.ctfassets.net/ta4ffdi8h2om/2qjOEdOmkinl6XnTd185Au/a406da712a4ae50a64858cd9ccece077/Headshot_Victoria_Reed_400x400_x2.png,139
3vVLq9re62vZF01gxrNNBH,https://images.ctfassets.net/ta4ffdi8h2om/3fm0dRu9or0sgAmrfmBBLw/18148c804151ee3753c00475e695e601/22-webinar-Digital2022-Episode3-previewcard-451x286.png,140
4PEsEVzI4qALGtGnBG2syU,https://images.ctfassets.net/ta4ffdi8h2om/5d98L0G3WbmH7BHbjQud5d/e93164a43be472468395d6a41e6133da/22-webinar-Digital2022-Episode3-website_1500x1950.png,141
2ao4j81xQaGREwWifEMvOe,https://images.ctfassets.net/ta4ffdi8h2om/6DG9nW1wfJDD8a4C0pq5ca/00e74cc1f23a41f333d22d0fd01d2eed/22-CS-U-Haul-resource-image-card-451x286.png,142
1obgsfeKXzicsiYy50LpgY,https://images.ctfassets.net/ta4ffdi8h2om/3GFBlS7ezieJz1uq79ZTmb/141f9ec52d2b9b64b72aaf3b71afa475/22-CS-U-Haul-media-block-1-1000x1000.png,143
2baotfZTK7CULhzYwl2Ajc,https://images.ctfassets.net/ta4ffdi8h2om/2euHBF5jZ9pPgnkyEUvR6R/baf9cf14b7461222fda384e26c527be6/22-CS-U-Haul-triple-block-1000x1000.png,144
4LOm96uOBled9FFc68u8OJ,https://images.ctfassets.net/ta4ffdi8h2om/QeTP8bKs3QvHoczRPjZ3w/686a423ccdf942299d3017448ea7d32a/Headshot-Kathryn_Marsh.jpg,145
2lkzAMO04WiLJxy6qaIRSa,https://images.ctfassets.net/ta4ffdi8h2om/tqmCD8bqbpjDjja5ZhqJZ/1e2e3e62dcd697814c96b4930982c89d/Headshot-Milly_Cooper.jpg,146
N88KBRi4VMxWOWW2YuXYt,https://images.ctfassets.net/ta4ffdi8h2om/6OF1Jgctiotbl39I31fgQT/0d81f4ef469495a2b30587f3bb1f6247/webinar-HSALinkedIn_Live-web-preview_image.jpg,147
jyXK3w0WN9rPNzV3dlANP,https://images.ctfassets.net/ta4ffdi8h2om/3aOk1fTxWx6ucvKQNMYEiq/797a1445179d31e9c8d2f93315bf8937/webinar-HSALinkedIn_Live-web-hero_image.jpg,148
160kgLIbm30cbXqIuX7hlo,https://images.ctfassets.net/ta4ffdi8h2om/4VazFSf6h0YW359NrmLKyu/75e6df1b0064bee558ae18e166128687/22-CS-U-Haul-web-media-block-collage-1-1000x1000.png,149
55mh9yc4GTaxvpSYM8OAsn,https://images.ctfassets.net/ta4ffdi8h2om/28KmWAUmln800difDhQamz/d5abd2635d1abf2f9d7b9da566798420/22-CS-U-Haul-media-block-collage-2-1000x1000.png,150
IljUl8DQ6tWUuWhpCVZ3v,https://images.ctfassets.net/ta4ffdi8h2om/gTXl1D2CFKkLVK4Syo6G9/143076841e74ad4edf067666f25f59ee/22-CS-U-Haul-media-block-2-1000x1000.png,151
2SpWDNfwLJ5rppS9KyPWdH,https://images.ctfassets.net/ta4ffdi8h2om/36CRYtIMMuT73ixNlYEHlj/180d61602cef5feb3d320701a3ec11ab/22-CS-U-Haul-logo-180x56-gs.png,152
1uYKvICeecj6LNYfboq9Ow,https://images.ctfassets.net/ta4ffdi8h2om/1TDaDX9AotMk5gbxerSptx/291b2f71c4ef4d1c4a56f52059f3ea3e/22-CS-U-Haul-resource-image-card-451x286.png,153
7B90PF1gmjKrmNDQfDhywK,https://images.ctfassets.net/ta4ffdi8h2om/jUlVYNhFzRRYUh2bxGh9n/60f25252cd1f1ef6042aeb84b8ca6fb9/22-CS-U-Haul-resource-image-card-451x286.png,154
4IeRrLlXz3NpjO78CIb7JX,https://images.ctfassets.net/ta4ffdi8h2om/6zSZeEtot9AbetBc6feRd8/9e521de11b3beaaf25844f2521ba9732/Rectangle_72.jpg,155
48RaZTlGr5EzSqcbKOwpLZ,https://images.ctfassets.net/ta4ffdi8h2om/1am2jmDfnyT3XlRsAG6lMq/66f74ce7a83e7884e4be573bffb2d8ce/thmb-BritishMuseum.jpg,156
y37CT2Bq9tdHRw2PpUcc6,https://images.ctfassets.net/ta4ffdi8h2om/2STh249M6d3G5kk8GF6LjG/02ba9de8ed8eb2e4015c8347718cf3fc/CS-IAG-talking-1000x1000.jpg,157
3HjdHai5AEKWVJoT4vxpEH,https://images.ctfassets.net/ta4ffdi8h2om/4qXI2MPDGMMj0dzeMEuZpX/a8c16867de46e878435160a8b304c72b/IAG_Master_LOGO_k-360x360__1_.png,158
34FTCRPrk94PFZfhgGc0xj,https://images.ctfassets.net/ta4ffdi8h2om/73CWQwEzL12XBItc1qqhOq/7bf7a64ea8c3f11dd0d1c63bdcd49d55/CS-IAG-triple-block-v1-1000x1000.png,159
3pG0nYZRInywWpCwljcoy,https://images.ctfassets.net/ta4ffdi8h2om/6gDH8y2NCvVdzvETvCMOij/17d98889a38b9ba0547aea7b984a0285/CS-IAG-triple-block-v2-1000x1000.png,160
76qWf7IKVph9WYcvlIj84r,https://images.ctfassets.net/ta4ffdi8h2om/4IsVqU7AkFFnZvaQkhbwoQ/656808e8f43ca74f3c3f371c3736b22d/web-HSA-resourcecard-451x286.jpg,161
4z6uc5MqmJvhS6ePYExiiN,https://images.ctfassets.net/ta4ffdi8h2om/5RL0g2GlLgiIh3c9WkQBPB/fcce476d72e1c80178dd1f26f18c2b75/web-HSA-landingpage-hero-1500x1850.jpg,162
5FhqaleTiAfmqQjsxIeoM1,https://images.ctfassets.net/ta4ffdi8h2om/vS9n61OfKKkvc4avWNB62/5033df05f9e0328534227433c86f9cd7/web-d2022-Q2statshot-resourceCard-blue-451x286-1.jpg,163
7ngdQZLx2kmNLs59w2YY1R,https://images.ctfassets.net/ta4ffdi8h2om/7eDKBOjas2tIw4UZDkeSXo/f59cc582f60b678508bc46146f46067f/22-webinar-Digital2022-Episode3-headshot-Morgan-KatelinLinton-400x400.png,164
XiDEiYvMyDH9M3NVQI5Qm,https://images.ctfassets.net/ta4ffdi8h2om/4L2gVCQqVmqNHChpDpzwup/a99571ccbf6bb967a4639b79e7dd62f3/CopywritingWebinar-Aug2022-KateBradleyChernis.png,165
3zAb5HElrZ2yqLjlR3adUY,https://images.ctfassets.net/ta4ffdi8h2om/4QOiTwWelGfpDw1JCB802M/7e30864baf7393ce06c7a042e0f33757/CopywritingWebinar-Aug2022_PreviewCard-451x286.png,166
4j50tphakiHHB5swVGE3pQ,https://images.ctfassets.net/ta4ffdi8h2om/2zdBgUyBO6r6SxuR2755RC/16c497ca2770f8a91158328a05947286/CopywritingWebinar-Aug2022_WebHero-1500x1950.png,167
3S8nUHO4t93gJdYjMpeafk,https://images.ctfassets.net/ta4ffdi8h2om/6CwhM2U8pdL1yM57mhAI8q/f6adb4532bf7bcdbff0643c382eea093/D22_Q2statshot3-530x500_1__1_.png,168
3mwQZHGgDEdpqQ0IQ88qrC,https://images.ctfassets.net/ta4ffdi8h2om/4nspoGSMMLlusP0FTx28Ii/089751ab9db5a1d3971c8cc68850ee8f/social-d2022-Q3statshot-resourceCard-451x286__1_.png,169
241HeXHTFiJPOnaY2AzP83,https://images.ctfassets.net/ta4ffdi8h2om/3ZMpMsQAQKFbb2hzSX7ST1/890508de171b59c07d0f4c17ab5df2ac/D22_Q2statshot2-530x500_1__1_.png,170
2kVzEzhpzqdQt4EmzohURE,https://images.ctfassets.net/ta4ffdi8h2om/riqvBEPzd8rL2leEzBTOw/86ba934c449f2f8a59242c478a6a8ca2/D22_Q2statshot3-530x500_1__1_.png,171
wgdb2cuqZHjrqmLynkg6U,https://images.ctfassets.net/ta4ffdi8h2om/4oLQUiH2n6whjL0tTBKsFw/adb4a2281ddad90ec2f6f2e4868a0d53/22-webinar-Digital2022-Episode3-ErrinnS-400x400.png,172
2i612UUNPSKHlQk9FYHpUf,https://images.ctfassets.net/ta4ffdi8h2om/3mz8owmetvaiNFRk8tfwra/696cf8ea7aaf211203c261c85a28ecf8/22-webinar-Digital2022-Episode3-headshot-StuartJames-400x400.png,173
1dE4rWnduxfjypmSFzk1u6,https://images.ctfassets.net/ta4ffdi8h2om/403uIO2jYQ65YX0Hvb0fip/714b5d1c775a23f64bd7676bd88f7522/22-webinar-Digital2022-Episode3-headshot-JarretThomas-400x400.png,174
5saQR79S1vvFEf5nbE3mhy,https://images.ctfassets.net/ta4ffdi8h2om/1FBj06DSCfK5HlxDjfA85H/2db833142a5954874044d77360395ec2/2020-parsons-creek.jpg,175
1P1ir7SwOxiCPIsBNXZPxH,https://images.ctfassets.net/ta4ffdi8h2om/2c7KduXoc6yGZkusWbHC7A/33f679b6ab2eecfbdf8fa3b2a92bfc8e/SocialPerformanceBenchmark-WebAssets_Secure.svg,176
1ZqAeApF6jGK6L4KTpaIVb,https://images.ctfassets.net/ta4ffdi8h2om/5nRFPru0Rl4lo0CfvU4Pdv/ba3b4c49042e931acc808c5a9234d665/SocialPerformanceBenchmark-WebAssets_SocialData.svg,177
0TO3e4qdRxHYA83vaYAqr,https://images.ctfassets.net/ta4ffdi8h2om/11DucdVDz0fXt3xT2JwjLk/6d866203264cec9bbbfa161d27392fb2/SocialPerformanceBenchmark-WebAssets_Support.svg,178
7cnVRwt0sYLS1qxdBeeoDd,https://images.ctfassets.net/ta4ffdi8h2om/3tO2bERbfjTx0Uur43eWMZ/e3f7cab7437c5ce0dfa6467911ec0bc8/SocialPerformanceBenchmark-WebAssets_ConsistentEngagement.svg,179
1HVYOsK8C8UfyRiidVlhsD,https://images.ctfassets.net/ta4ffdi8h2om/2faJfTqlUIjADhIdN1uaWo/226d9d9d8d8680d6c03073c8e801df83/lp-socialbenchmark-DemoHub.png,180
57fYmnPA8aoiowEiAZIc5c,https://images.ctfassets.net/ta4ffdi8h2om/FqnLY6ScKnuBf926V79kn/7faac8c7e8b59a2989d2a7e60baca337/Group-4.png,181
4bZtDNJfZ3hPOajlOzWH8U,https://images.ctfassets.net/ta4ffdi8h2om/7sjulKDkWEINhOvtOh93mX/d2062939d57da49c92858081366e5e65/Rectangle-1.png,182
ZigVHwCus4E6vEf6CXDd9,https://images.ctfassets.net/ta4ffdi8h2om/441CD08nZUcFmLkbXVGumQ/0884e52bf652e740e769a8c321503eb7/Rectangle-copy.png,183
4VeMn5RXXew3RuU0Al9TS5,https://images.ctfassets.net/ta4ffdi8h2om/6eYkaRxc7YdPK1uokohkrY/f0cd10a17ca32d46af1acf214e5579aa/Rectangle.png,184
2WIgCjn8cPm0TIcwaBsfew,https://images.ctfassets.net/ta4ffdi8h2om/19EHewzCb1P81RyTdHtwWM/8e82807a017bfd4b1c50ee47797da4f7/Rectangle-36.png,185
5NKgEW2njB6QdljjK2PtaB,https://images.ctfassets.net/ta4ffdi8h2om/6qDB2qOW6CjFioApxg8KgG/9bf6d1c5b9a05c40b9b0a25413e77515/Rectangle-35.png,186
6trbZ0sKK4jj7laUBZ0P4f,https://images.ctfassets.net/ta4ffdi8h2om/3kpeEMt7YVCJDmRlzheaW7/08d59a9e0d7fa1267e063cf01a40f154/Rectangle-34-1.png,187
1JtZuILND3VQB2pveGBUKm,https://images.ctfassets.net/ta4ffdi8h2om/3YFtEl52DHarkO810sV70J/b11a74afe9a94bcbdb9a62e93932466f/Rectangle-34.png,188
16zl2pM7PGv1hiJdQ5jTc9,https://images.ctfassets.net/ta4ffdi8h2om/5ynfUWmdPmmzi0Sa2YFpoe/f236e646d7bcab66a48bfe74996d618c/Rectangle-33_210525_172940.png,189
tvruGUQTcjCK78jVBlRmB,https://images.ctfassets.net/ta4ffdi8h2om/64SDzcBJslIqKVRcNXZFY9/14e821d9a2fec5680a3514a9ced80eed/SMB_toolkit_thumbnail_432x326_3.png,190
7lVifMSSxyfcRm4JcohJjb,https://images.ctfassets.net/ta4ffdi8h2om/4eXbGdtPdtStnrCI7h5okt/f48becd5136a3a0a6f524867ff6dc219/web-content-trends-450x280.png,191
5WtgE7E6cIsK5kT9LZDCP,https://images.ctfassets.net/ta4ffdi8h2om/2s5qn47eudjffPrhIBCTWK/ebd66bf2153a4092eef17b3bd1d99681/enterprise_-_get_certified._stand_out..png,192
3LmZUVM2Q1bhNy2VEG3nUn,https://images.ctfassets.net/ta4ffdi8h2om/1anQ0i8l2MLWXlvw4aoGz3/82d0e9fdbd8b39a8a327cc2badd0bbeb/web-rebrand-hero4-1000x1000.png,193
3xO5P7q3LtYuGeYVJkTj9D,https://images.ctfassets.net/ta4ffdi8h2om/3D9DGixElD0ftmiwbj3s4g/a4ec4c8ecd8bd2b37aa051f867044da1/Natalia.png,194
7MTShhX19ZtISMSvBOl5Cl,https://images.ctfassets.net/ta4ffdi8h2om/1ZlbHhRrIpVI6HqMzI4o0p/c2c7571979edfe34ea0e2b41470f73fd/web-product-planner1-1000x1000__1_.png,195
3TqcoFoCKHyanqg7NHxLu9,https://images.ctfassets.net/ta4ffdi8h2om/7iKWGmiZBqKeGb2jithhM0/e6ba2f129e9ad6cd4157971faa5d1ae5/web-product-streams1-1000x1000__1_.png,196
7wFT0KJ6WesIz24rb6TRhO,https://images.ctfassets.net/ta4ffdi8h2om/6NPGWvmyJYLVB4x4JzHaOQ/9451beb229c0dd5955f404f8f3bc9c76/web-product-bestTime1-1000x1000.png,197
6aqlKMs4zlqnNCOGTwwROP,https://images.ctfassets.net/ta4ffdi8h2om/5O3EOLv7CbIDRJgRBApE41/d263967e16412e69c376a1fc4c0e11ef/22-webinar-trends-Midyear-JUL20-Gener-website-451x286__1_.gif,198
3DNdAKkGBEU7Ul6vsOTGcO,https://images.ctfassets.net/ta4ffdi8h2om/1U7QHpHwnxsmZYv5cFbYer/e937fdc150e97036198f149bbceb7ffe/22-webinar-trends-Midyear-JUL20-LandingPage-1950x1500__1_.gif,199
4hczOErcXaylO2drvLCyeZ,https://images.ctfassets.net/ta4ffdi8h2om/pSzRJqRIY8ZpHC5V9liYB/d0219a2688824d518389cdc6317038ae/SMB_toolkit_thumbnail_432x326_2.png,200
7jkUYCAvVl9N0vnExNON0,https://images.ctfassets.net/ta4ffdi8h2om/5oou6d6ix8mBec3yUMrffn/ec6d44b703cfc488dd581121234f13bb/SMB_toolkit_thumbnail_432x326_4__1_.png,201
6OOTMY44uqMcCCGvckcsAh,https://images.ctfassets.net/ta4ffdi8h2om/6XTYpkXfUucCTHyObTDZmA/f2753c580cb13f61747314c04d818faa/SMB_toolkit_thumbnail_432x326_1.png,202
2QGif08NhWZp0YdKb3kITc,https://images.ctfassets.net/ta4ffdi8h2om/6tk0fl4ChVWiRIU7gvQ5Lo/2bcffb95c038088b5e7e1eefd9a9ba1d/SMB_LP_5_2_500x530.png,203
3wdAviXQyN9Kh6aZb6bsEY,https://images.ctfassets.net/ta4ffdi8h2om/gmpUeh9vxHlurfYN2mlfa/6640cbb0a5cdf24f64abd89bbead6be8/SMB_LP_4_500x530.png,204
4tbNwmeN2LHIlD2G8r6hBT,https://images.ctfassets.net/ta4ffdi8h2om/5wSwBzzCpAUBo2o2ZPjZPK/0c0352e80c95097a6d5c4a0f1098aa0e/SMB_LP_3_500x530_210514_162325.png,205
36wV294imiVEU71qbGI98Z,https://images.ctfassets.net/ta4ffdi8h2om/7CxgIJiLS18IoNgDfKVA4q/2b4e51d20ea11cc0e2f9eb9b8c249d60/SMB_LP_2_500x530.png,206
4VbNhnpx7UDFvlX5cYJFyS,https://images.ctfassets.net/ta4ffdi8h2om/1kBri0khbDknjMt0xFdP2v/f97d0d1f6eab87b829fe28e55c6f18da/SMB_LP_1_1_500x530.png,207
5bcssVhAXXKGlChWnJH44G,https://images.ctfassets.net/ta4ffdi8h2om/3gucjf2OSv7xECMrNenzd3/c4f449a9689e4b78d7f37c1d4c5c5f6d/SMB_toolkit_thumbnail_432x326_4.png,208
6qlAy2AxCYShxpMrZ3q1wW,https://images.ctfassets.net/ta4ffdi8h2om/7tUkirV2ZmveBYj3gHNE7l/4d6d91a093b89f78ec22ec4b2bb9a5c9/CSrDEI_02_210830_183231.png,209
49MeSbixsu203aTd7t80dp,https://images.ctfassets.net/ta4ffdi8h2om/3rTotyiK25y3MfK5xKIDJW/75bad3d8dc922ff6e31456cd68628a5d/Powered-By_logo-stack_RGB_WHT.png,210
4NVk39YdKcNmoQRxOgDwVu,https://images.ctfassets.net/ta4ffdi8h2om/2ZorGiRak8sA0C6onyjkOf/6edd1363fec240a5504d0b405745dbff/listening.png,211
5ydFhLWdNbPEc9EXLDSlLV,https://images.ctfassets.net/ta4ffdi8h2om/4RiddbAEu7uWIRCp6KB28/11e17b806765f592920a962a63051650/analytics.png,212
216vorTzTYIbn8okyXF0i7,https://images.ctfassets.net/ta4ffdi8h2om/1l3gTJzCxqVVZKs9RkIYo9/20af84c23e58df43aaee5317161ce52a/ads.png,213
4lH8d1lSwDz4ocaYisOBhJ,https://images.ctfassets.net/ta4ffdi8h2om/1N1ZnKtJl0HbL0Fpcwm4ES/22690cff1ea1f4b04b68567d36d1e55b/security.png,214
19GOZDl9HT0DhtsyhjNyPi,https://images.ctfassets.net/ta4ffdi8h2om/3oxJDl6tnInvO6AL4VNorR/cf2ae19cbcc860227d9f1ae9f2d4f19a/youtube-channel.png,215
6qzB9R59Dmy6rKoo2OgWir,https://images.ctfassets.net/ta4ffdi8h2om/3zRsme4r9yPvKCg3uOwtWw/be08448a26327d0c84fc974dae905a8d/social-course.png,216
32mtwDdZPaZWmC9PShWvLd,https://images.ctfassets.net/ta4ffdi8h2om/6H95He9MBiZiGhJ6gmrojg/989c31cb6a225ed92e04227aa6c8d703/hootsuite-platform.png,217
2orFo5RvB9RLLDiEjxVyUn,https://images.ctfassets.net/ta4ffdi8h2om/YoJPCjsgPFcB2kXt96ZTp/295fba5f698113c01ea160231f6c4021/video.png,218
6K1d2jrqHeY3lRhMwO6UKj,https://images.ctfassets.net/ta4ffdi8h2om/73fyz8DPzf9FQN2oEhSP7B/1db3d648689dc088b93651f5744be2f1/reconnect.png,219
56dthFhwxyAiIiXZAIubJT,https://images.ctfassets.net/ta4ffdi8h2om/1FM9j1XxIARKp3GmyxjYWy/c17e8d852374b222af7712c5ea4950b6/managing.png,220
1NbCn1jjiD7Em17sekE1Pj,https://images.ctfassets.net/ta4ffdi8h2om/3dpbrdX0v0DUYgZ45jaEP8/30d00c050fe4e5a71c30aff7a1870a6a/add-remove.png,221
6ziVzbVyG1KribMN61p0K5,https://images.ctfassets.net/ta4ffdi8h2om/7KifiTtSUT7bR0iwkdy7Os/919556170ac5c58f3382df6495d60018/organisation.png,222
3EUAmwnujX8QL3jlCNL3RR,https://images.ctfassets.net/ta4ffdi8h2om/5LA87UkHsmzMbcJjt3xmoh/28c3e688a179c702bcd32145de59d51c/Hootsuite_VisID.png,223
3MQuuy79iPt1HsV3FS2lYg,https://images.ctfassets.net/ta4ffdi8h2om/2EIscVuZCIYXzlVteJeNos/1365718d86259d404f9816035c56d794/shoppable-content-1200x628-social-asset_copy.png,224
3HORkCl6NeS7A40KFwzCpK,https://images.ctfassets.net/ta4ffdi8h2om/1XEAEUUQ0tD0Lmh9RjgJSi/3fa39b9777ca2fb722c841e7245b5d39/web-content-caseStudies-450x280.png,225
2GXh5eXsUjQ2lsXoYqc4zb,https://images.ctfassets.net/ta4ffdi8h2om/5uUGDnBOlU7qfDyzmgkRt/d9289d2d443b9edf70afa1f11ca31721/web-content-blog-450x280_3.png,226
4YlKCSGEsgS9gdUezYb5Ai,https://images.ctfassets.net/ta4ffdi8h2om/4eXbGdtPdtStnrCI7h5okt/f48becd5136a3a0a6f524867ff6dc219/web-content-trends-450x280.png,227
KDkJxYOStwiEkyu1eT9xz,https://images.ctfassets.net/ta4ffdi8h2om/1IQFvtKMQBN2YHTya9C7gg/27fd2738c240662e6e629b121129c690/web-whyHS4-1000x1000.png,228
wcEzceWM5L4Jq38SkThyp,https://images.ctfassets.net/ta4ffdi8h2om/18tayFdxlTEFmmK7qMU7KX/19bdf6fdf27d642a8f5d2ead8c7ad637/web-whyHS3-1000x1000.png,229
5VWQR7VeVPHygVoFjBku6z,https://images.ctfassets.net/ta4ffdi8h2om/7cYx9ah53dHDyV7G79KriR/8d870a2c80d23d3326b2320254627a4c/web-whyHS2-1000x1000.png,230
4oZbBEGsbVu3HYnqNBn7Hv,https://images.ctfassets.net/ta4ffdi8h2om/4Q8My5hytfamstqeTYwGZF/c6450248f9fc5632981ba43aff72c771/web-whyHS1-1000x1000.png,231
5hbHRF7XGw5S1Q0WKmc2Xi,https://images.ctfassets.net/ta4ffdi8h2om/3ll0ewR0aUhQoqlHejCAu5/174a08c38d34401f337b9fc6c567ad99/image_6.png,232
57Gb20B9DpMjuvLesoN973,https://images.ctfassets.net/ta4ffdi8h2om/4bj7qav7n64Mm0t9M6KUXB/1e6227e57fccb5247176cd267b88a904/web-plans-team-hero1-1000x1000_2.png,233
4SzH9a4ULlDJwkmqqK26r7,https://images.ctfassets.net/ta4ffdi8h2om/2aXkKqtqQUZp8LqBTXm2aJ/04307f27151603217feedb1950350544/22-webinar-LatamWhatsAppCommerce-JulioGonzalez-400x400__1_.png,234
6VhUDBXcKCMkgImG0sJcdr,https://images.ctfassets.net/ta4ffdi8h2om/6glSW1aTbu2cNbOmNZYhXl/6ab10098c60f52c9ebd7a51393e66f96/22-webinar-LatamWhatsAppCommerce-AmandaHeredia-400x400__1_.png,235
YQnjMoFomCUsI9UR9THfo,https://images.ctfassets.net/ta4ffdi8h2om/1rpdrJvVI0scCptZdM9V3K/b776ac1c44fc171f937b389f6cb3df95/22-webinar-LatamWhatsAppCommerce-websitehero-1500x1950.png,236
3tDAMch13cuzqMtdD3u4Ls,https://images.ctfassets.net/ta4ffdi8h2om/1TexKdVmFOyxWMSssCy2N3/a01d042fc9310041c4646c700d855605/web_hootgiving_hero_connected_1500x1950.svg,237
T6BvD3Xnw7JiE4hgJIZxK,https://images.ctfassets.net/ta4ffdi8h2om/6L81TCyJIFh0IQw4JMDIWr/1d3f9b92496bab5b6aea7fe1175900c4/social-contest-card-1200x628.jpg,238
74tiRvOeINVYZXAT16n5Xo,https://images.ctfassets.net/ta4ffdi8h2om/1YxB5rwPLaJ0TxcdDiXkAt/a8c56bdcb7f3d82d3c85847e8b7af364/engagement-rate-calculator__1_.webp,239
31WlW5k6chOHjnSR2mpLVU,https://images.ctfassets.net/ta4ffdi8h2om/7lDpqtl2HpjEHsrciA8hJE/afaeec5e6be6777d4ab075dcb047cb4d/web-product-analytics1-1000x1000.png,240
2F9gNz15onkOtur1wKtrEH,https://images.ctfassets.net/ta4ffdi8h2om/29SPD6K3p9o4EK09fTffvm/1cf10b7c6d804f4c8204008b1cd6490d/web-product-amplify1-1000x1000.png,241
nC5JjoCKM3ot1du5SfxA0,https://images.ctfassets.net/ta4ffdi8h2om/pyd8upIqsZuMjvrzApVaV/c669224c538f71662587dd6d02119516/web-product-listening1-1000x1000.png,242
6KGXdcwYGVnzGcQGHfuksj,https://images.ctfassets.net/ta4ffdi8h2om/jKXzTJ85tceM8uFjouC9O/5b1ec9b1fae46c52ae630e54d93f703b/web-product-publisher1-1000x1000.png,243
BfNbVReJw35qAGIAxwJkW,https://images.ctfassets.net/ta4ffdi8h2om/19nPu4nzKaPtvikGX7hikr/61e4c41298f187799e3167f1bb5ef7f9/web-product-planner1-1000x1000.png,244
grFuG34tDP8RhvQJylQmI,https://images.ctfassets.net/ta4ffdi8h2om/3Ul0NxSReCGDdZOqKJVCz7/8c8c0739c0fc1366d1d1eaf5ce8c69e0/web-content-forrester-450x280.png,245
4JvkvczRSJ4ciSj4KFYJ3p,https://images.ctfassets.net/ta4ffdi8h2om/3U4VQQcFNIHjKnkFr0i4om/5592794e56ccc92ff003e79c904790b7/Instagram-carousel_540x540.svg,246
4EisJYUV92sbyQZGPJSFjT,https://images.ctfassets.net/ta4ffdi8h2om/7sChAMCu64AFlNhVoZBRc5/6ad8d1f959ab780fa9758c31aa480c53/daily-hashtags.svg,247
4qEjXK14zBHJc8jhh1urcG,https://images.ctfassets.net/ta4ffdi8h2om/1hbvwx1ZhMHYHkn6GWm9NI/610e76dc22aa7b0142749cb43b197c93/engagement-rate-calculator__1_.svg,248
8lkV9N89iYzwvONSyJhcr,https://images.ctfassets.net/ta4ffdi8h2om/4rm5wf1l1ta1NJLBa1cKtN/3a105c405e9d4587bbb5b26be2d10193/Mask_group.png,249
4fhahJCPYx2rBxu2lz6ztc,https://images.ctfassets.net/ta4ffdi8h2om/2NWh0avvwX29yJUUTVJGS8/23b123dbb6ed4a63a817d0f45d0919cc/web-product-composer1-1000x1000.png,250
3wL0per6a7YJSF9YldVJlT,https://images.ctfassets.net/ta4ffdi8h2om/6fqWl8cE7EPFi3COjXIpew/6e266ffd4632e22340e403d51b90114f/Hootsuite-Inbox-Illustration_3x-2.png,251
7AJSQrUYwrSjl1G2d3lA0Q,https://images.ctfassets.net/ta4ffdi8h2om/7sbKbCfNEp41kAW1WeorhU/3db31c0ec706ea3762a62bfe2a37e1ea/Artboard-1-copy_2x-1.png,252
6DigUjZCPp8hToQegwq9i6,https://images.ctfassets.net/ta4ffdi8h2om/6Z886pxqeKFYdCWAnZERXl/ccfcb030c4617a6cde81fb04703d7b97/Hootsuite-Assignments-Illustration_3x-1.png,253
37H0y1yFu9aIhmCdKinjIg,https://images.ctfassets.net/ta4ffdi8h2om/ld5xrsfYNdXTMUavxwXRT/5d7e67af8a363ec205415d4b45dfa2f5/App-directory_210111_220336.png,254
6NlZp47cDC8mMOLSJmRnv5,https://images.ctfassets.net/ta4ffdi8h2om/6WHfTmf8oAcxd5L8IezlZl/345581edae3f21374b2369fdf99fc4d0/Hootsuite_AddPowerToPosts_Illustration_3x.png,255
6ytbMOtyRrzLrQECn76aIr,https://images.ctfassets.net/ta4ffdi8h2om/28CyJPoR5mtoZn2RDco9Pf/8aaf186b968b2604691690d11048840f/Group-13_3x-1.png,256
1D18BU2r4V366D1ETFTKgH,https://images.ctfassets.net/ta4ffdi8h2om/1etOhV5K0Vdw2bmGJqQ0M5/b16ea99ffdaf868d618d2cb776d5f90e/SparkCentral_02_smL.png,257
2jxf49Rvg1jfjIq3pEEBax,https://images.ctfassets.net/ta4ffdi8h2om/7rMWDTStihCSnaSPDf32qS/a7f51fc36dd9be83dfc890bff3a486ab/thmb-carechallenges.png,258
6DHh8qIXc5Hq7NoE56ZNPw,https://images.ctfassets.net/ta4ffdi8h2om/7eucqRccBylqUBRxR3jg57/c808e991ace075f5d42e8ac292b66122/thmb-RetailChannelsGuide.png,259
4I5tdnizHOBWCD6phLQyuO,https://images.ctfassets.net/ta4ffdi8h2om/31Ij0wGgkXHuSTEgHssslV/630bbde5a05d2b9bf36d3d831b229a6b/main-street-tour-web-image2-1498x1200.jpg,260
3FHTtI6KE12uwmbM1qWPQH,https://images.ctfassets.net/ta4ffdi8h2om/nFzGF5vYwT7ktbY1qzrWW/48ae8aef91273365f806e0e90c8fae2b/Webpageupdates-530x500-1_220425_212119.png,261
7FIoap4KcTSnZLJY1Pfq8G,https://images.ctfassets.net/ta4ffdi8h2om/6C3zVascgc3LHSWYHWhQ2m/b5cd74a42a0421694283859ddfa50d65/see-value-sooner_191015_184854.jpg,262
6jYgHiUheEMNBwZDCfzLDp,https://images.ctfassets.net/ta4ffdi8h2om/6KFJSU8EFdJtoC1DudptQj/94fb7ed9cb03a65c990e35581ad5ef0a/integrate-social.jpg,263
6bcwjw2sOZEsBM0CGyfvsa,https://images.ctfassets.net/ta4ffdi8h2om/26S8g2mJVMmOAuL44CGudE/814be15530c755b07e8a1e9e3e0497d0/City_of_Greater_Bendigo.png,264
2mO75qXN0HXG62MrdYeyrT,https://images.ctfassets.net/ta4ffdi8h2om/1CzUJEQNeyQHOkTNsGGWgb/fc33e1f129a57b635fda18ce8e7696f3/City-of-Bendigo-resource.png,265
2YEl8D7hwPSPZHp65tlLNm,https://images.ctfassets.net/ta4ffdi8h2om/6L3qHloBXWyfoFrLclsXYH/ff140111cabd332a91fd904d220a8249/hootsuite-impact.png,266
7fs1XlSFfxbjvbjxylfYt0,https://images.ctfassets.net/ta4ffdi8h2om/1CLVW4nKhD1QOswUvRTvoc/f59eae986f1f7f67b2c0cc904aad1e22/hootsuite-partners.png,267
1rCTO2f2jl9ZZIDULqVsWJ,https://images.ctfassets.net/ta4ffdi8h2om/6sGpuBAUSSIchTc6nlstsX/186f3a41c3e4a29ac655f241c2137bd8/amplify.png,268
1qDbxPdcs4TJ1toNKjnPvO,https://images.ctfassets.net/ta4ffdi8h2om/hO51GgmYWgNWxkly5XJZV/d0a1fcbaaf23d690c02892b3014b47d1/hootsuite-academy.png,269
3LlBBCaLKobebT1nitTRPM,https://images.ctfassets.net/ta4ffdi8h2om/2bM810NegdVaqQU66gSTuH/5d4e6189a94bfbc79c500039f4b02bd3/hootsuite-enterprisetraining_services-icon.png,270
1vY3iHQ8aQ0YzTSLijeKb5,https://images.ctfassets.net/ta4ffdi8h2om/4drko7NXFbGcMP6k0tbITe/e13f3914181e2a80aee361ae074d3888/hootsuite-insights-icon.png,271
5saMTi5qa9Ou4opPObdiGG,https://images.ctfassets.net/ta4ffdi8h2om/38tHVDvcU2FTxCH1CBU6kB/c2fa5bfd8e550cee073f32073db12e40/cxnpartnerlogo-brolly__1_.jpg,272
2w2kZyhnR0K3wHeGQaGOtg,https://images.ctfassets.net/ta4ffdi8h2om/1apqDBJp1s9Ccj1Xh0L9uA/f2a0ba88dcbe232be9e7545f803f0360/Pall_Mall.png,273
68QvmDDEADB8m9kZXLbnwc,https://images.ctfassets.net/ta4ffdi8h2om/2eVSQOjAgnnZSjy5rLsXKH/b39a3574a177661047e1dd5c2ac139ed/Medium-Autumn_in_Bendigo_01.jpg,274
PgwzFKNkXbqx45eKsMPc8,https://images.ctfassets.net/ta4ffdi8h2om/1OrizCXGUOzcP88a5wJJvl/e3faed6b56330391fd49d9fd80353cc5/Ambassador_relaunch_community_3.png,275
3ZiIl8OvyAEtWkDVGd8Szp,https://images.ctfassets.net/ta4ffdi8h2om/67dTDl265f9liGZe4Anx4m/2aaba8cfa163ab9ac77e381982cb7556/AppDirectory-Dark-Mode-1.png,276
nyk27tarPR8PP3pwgw11p,https://images.ctfassets.net/ta4ffdi8h2om/cZPW4jY6a2XepHKNNbPzT/9297062dafb48a5aab08cb4f1e9178d7/TikTok_Icon_Black_Square.png,277
7tsG6aA5rYKXM8oXFeKHKG,https://images.ctfassets.net/ta4ffdi8h2om/34b0fhg3Ds65r6cUWTLQjV/89ac777ba44e4a371681a0ec97ce20d0/HS_TT-CultureGuide-SocialSharePreview-451x286__1_.png,278
40iHdoyav8dX9ftazCBBvX,https://images.ctfassets.net/ta4ffdi8h2om/297koMKqVolZm9CjfUM7uX/ef3c7c8f8428fc8c0ee9354359518506/Infomedia-Logo.png,279
sZE1EC5nst87FMgFHgau6,https://images.ctfassets.net/ta4ffdi8h2om/6IXJ3RuBfXHL84fnTXiWsI/4859bdb74f722f22f0e5f3df1f2f364d/Instagram_Glyph_Black.png,280
18KntSqoUEQRtVR7I91xK2,https://images.ctfassets.net/ta4ffdi8h2om/5fJxdbVUsqBDUAsMNq8c2R/764e3efd6d5f2adbee272c7ae7681fd5/Talkwalker-Logo.png,281
2mY0AEXesBE37qmvUFGWgt,https://images.ctfassets.net/ta4ffdi8h2om/7tNYyPczjkrSv4tJsUfpFN/d50cf4a78a56c1c211645dbcc4849206/2021_Twitter_logo_.png,282
a6LhKN7ZlXwxyTS4AVC3c,https://images.ctfassets.net/ta4ffdi8h2om/6NJGLzq8ozPWTQmL8VsCC7/b69ec768c487273710b52e4f03fe08f0/brandwatch_211007_223246.png,283
1RtTMYVoJ2RpbSvyDgyM2F,https://images.ctfassets.net/ta4ffdi8h2om/ZN1nC38cYTJoANjOrkEuu/f8ae91712766060fa9f00284215988e9/Carahsoft-Logo.png,284
41DQEAzBXv8eGyQ28QmmcN,https://images.ctfassets.net/ta4ffdi8h2om/2SoFLEaYxFHWQBbMrgfY5r/758283adce618e1d9aa49643405d56bc/Microsoft-Logo.png,285
3LlOwJAE4niHpJwrtL9v6w,https://images.ctfassets.net/ta4ffdi8h2om/47tLROIB9zxnG9Qsw1msJu/4e7ea2b890e9a94095d30e2b445cd66d/AWS-Logo.png,286
2KJrmV15l1WoLC1rDLFE5I,https://images.ctfassets.net/ta4ffdi8h2om/6U6zkzKN2PXwpKqZSpuvZO/b852290a0a6719119391e3eca39cb6ae/Adobe-Logo.png,287
4w35P15Bd6FKLciJKQPhHz,https://images.ctfassets.net/ta4ffdi8h2om/DZy1cQntI7h8q5evEqqI7/538803f0cfbe15cb514ccc1d2f04f3ba/Meltwater-Logo.png,288
6ZfAQ7Wxkrt6CLd4sXlsfM,https://images.ctfassets.net/ta4ffdi8h2om/3GG3ljuRy21Vr1omDmneYJ/37e942a3f43c4498e9d12aac6266297d/illo_scene_collaboration_003_1.png,289
1UumjPECwUMehBLvTqsYcO,https://images.ctfassets.net/ta4ffdi8h2om/50HBd4SiT0TPVmcPmVe0St/5569b338cbe4411155c72300526b5ec8/hootsuite-platform.png,290
1uFtPlWkBzLmRqRrqDuOOo,https://images.ctfassets.net/ta4ffdi8h2om/3HQpDT3Si729J9Tpj6hUS4/dfaf1f9e9d297f7cfcbf2e65ed26aa66/22-TikTok-web-productpage-2-530x500-2x_1.png,291
5Twae9lkvovYGKXhCgPjER,https://images.ctfassets.net/ta4ffdi8h2om/23VhrjKLls72XV4Ycjh84O/35293aa12d3c26a97f9dc0e4b0f75bd5/22-TikTok-web-productpage-1-530x500-2x_1.png,292
11KPWD44kpS6LmtxKT9NKW,https://images.ctfassets.net/ta4ffdi8h2om/HeAQ3Ah9TFNu4vPisWB8Y/c6ec393fd19efb2f1189000ff1e69b75/Screen_Shot_2022-06-07_at_11.05.22_AM__1___1_.png,293
3bg6LIX5e5sq1CEL46PtPd,https://images.ctfassets.net/ta4ffdi8h2om/2ry46XTcN0bxUm2zknaHp8/60fe2e92f0d738d9f53961efbe0f834f/Group_174.png,294
5ELPxnWKZalxqp0V39kHsk,https://images.ctfassets.net/ta4ffdi8h2om/tgptlVRaZeCxNiC9xuR9I/8f43f1e8225c6425d3cc5a900f50608e/TTFB_logo600x80.png,295
1f1To18Xyf20ajg22Ooplu,https://images.ctfassets.net/ta4ffdi8h2om/7o5VpBnDqcCExOD7hSSws1/b50c00e83c9072bdf8e8c9758dd733b5/Headshot_Trish_Riswick_400x400_x2.png,296
3VHaRJsKs8wDyR4Oi4VYln,https://images.ctfassets.net/ta4ffdi8h2om/2Eeu3iEuKjOpS64Z3r1n4G/911e0ff959ea1c31d6fc67bc0b15716e/web_webinarAug2-23_res_451x286_2x.png,297
3lJ0YV8bVXF6KacBiPI2ZD,https://images.ctfassets.net/ta4ffdi8h2om/6hjT2h8vrHy63fPOP2bGB1/d361059af6e9dc0d5471605975a0e67f/web_webinarAug2-23_hero_1500x1950_2x.png,298
5RVKMVbEKediMBr4M7Pd25,https://images.ctfassets.net/ta4ffdi8h2om/4iKpdg7cgM9nFGPdTCPRCE/4c4b231606c1b21c10d06a39cdfb41f9/22-webinar-Digital2022-Episode3-headshot-TanyaB-400x400.png,299
48S7hok0H03guAOsBiqtIu,https://images.ctfassets.net/ta4ffdi8h2om/47YayLInkjuvqdaE1gf9TN/c9f0569b2025216ad4c1328be6f4c19f/HS-amplify-full-logo-black__1_.png,300
4tLnLSKaLLm2o5w6WOazvk,https://images.ctfassets.net/ta4ffdi8h2om/718M6TZvDM13n9CdEuU2y0/1601caca6328485a0204326aa7a59718/logo_expedia_2x.png,301
5uPEx7btiZjKZs3IIu0Ec7,https://images.ctfassets.net/ta4ffdi8h2om/1kYfzOXQ5BXmpZMlcFi6gr/283d9fc4ea332978517aa98ceed524f5/clients_paypal.png,302
5fGLiDEDD6uWY8yosAvg7M,https://images.ctfassets.net/ta4ffdi8h2om/2sl0MiYFwobjCrbrPpenT7/d2f4604799ecb8eeffda520dd15dd64a/HBO_logo.png,303
14NriuxAnGGP59vBMGCRny,https://images.ctfassets.net/ta4ffdi8h2om/6VL6GqyobUwHXJ4306vUQM/486fb5b5121518fb82935b0b180e5c9f/Visa.png,304
7FIemO6LbEE7XTrp0J7vA3,https://images.ctfassets.net/ta4ffdi8h2om/2JPbbVHDcS0PQqKRyaWrmK/aa915e3304d09e3ef3e8efe55bdb14c7/TT_icon_sm.svg,305
4ScljnMNggrB0XBSe0PanA,https://images.ctfassets.net/ta4ffdi8h2om/35OoTUaPP51yaa6nkKD3pk/b9715631d0d80dfb99639569cf2c40ac/icon_3.png,306
44gA7K3NXjeRlvHibF0xmu,https://images.ctfassets.net/ta4ffdi8h2om/5gxmy03RfC2vc666ihya2x/a7eec0c15ae763a6d60666d54a5b6719/icon_2.png,307
6KRQqMam53KVi4f3upm5rl,https://images.ctfassets.net/ta4ffdi8h2om/5hE0vWvZE7e8oGy5PxneQ5/8f06b8e30a4e55ad360ee233d7ef824a/icon_1.png,308
6Fl22k2otW1BdyiAMSk9DY,https://images.ctfassets.net/ta4ffdi8h2om/4LIQrghikwx52wfTjONmnZ/f9de7bb10bff89aa7c30e265fea6877e/22-casestudies-CityUniversityLondon-350x250-B_W.jpg,309
242pWKAM2P97x0vDHyZvfq,https://images.ctfassets.net/ta4ffdi8h2om/5LOey17ptvgSNyriSvXOpL/b7c01ed85513459ddc8111f32eb2bdb6/CollegeBuilding__1_.jpg,310
2orn4ww5DVj8yZ8vWKmDbQ,https://images.ctfassets.net/ta4ffdi8h2om/7swlUU1gDEuAWvarx9T16h/43885518fbff59ad4a04295b84bb9480/Facebook-Logo.png,311
AaaraiSePS728M9jbCd3m,https://images.ctfassets.net/ta4ffdi8h2om/4nuJ4zN2Kxu2oFsyjrTAab/45d9212b43f32fc17a7f794d06a6bd70/LinkedIn-Logo_2.png,312
5b97P6MXE9G24j5AFi3P3z,https://images.ctfassets.net/ta4ffdi8h2om/5i4jVhcpWgIWWnrntjQ2Ee/d41a6bac640b8b57ad6d2f20ccb16a49/Proofpoint-Logo.png,313
7577DV6wT9q3rc9XDxzszY,https://images.ctfassets.net/ta4ffdi8h2om/2OeUb6AAZeDS4q3rq6Itg2/c05851f17b4973da56e4873c740a6fca/Reviewtrackers-Logo.png,314
7yLGqjEzJDANoMguQi6fMK,https://images.ctfassets.net/ta4ffdi8h2om/95PDOCvedg4gFTTvdjXro/f4eb9af7655b559d33e342126a5e445a/TINT-Logo.png,315
1Q3Ud78mwHWf26suVKuqO1,https://images.ctfassets.net/ta4ffdi8h2om/7Cww5VTNooNviPz1hYUhDx/9f730c04d4f01ae0871f77d36a30bee7/partner_program_keep-growing.png,316
4gviAdm3K7Alqj4q83qSYN,https://images.ctfassets.net/ta4ffdi8h2om/6RMfW2ugR89T91194STOCW/2d761d77efd188919a59751656f664f6/partner_program_support.png,317
4Iq59V6ZDmOT6UYWINAEVO,https://images.ctfassets.net/ta4ffdi8h2om/UHUQbeYB4YairqGT8iP2T/d10127b2c30b1ad8cfb191a5794dcb35/partner_program_expertise.png,318
1cRv4ShWRR2m7lnsN28fBr,https://images.ctfassets.net/ta4ffdi8h2om/2DSVVLgj2lj6RYV9rjmGyC/8e086844c4c90002f20889531c1e8fb3/partner_program_grow_1.png,319
4BnmAmOtGolrr6ZswtkN6j,https://images.ctfassets.net/ta4ffdi8h2om/4DINQIMet1cMz5R7g1fwDh/baeb1ec98d9db8d7ed0f57a36c370f67/partner_program_leader.png,320
7lVuBzUQTYBHbZIvqUMyoY,https://images.ctfassets.net/ta4ffdi8h2om/50nhPAcb394q2BYOEdoWdo/cd01ef718afb4af48805c85d579e21a4/enterprise-training-services.png,321
65mQNNBTKwPxUbWHPScOUL,https://images.ctfassets.net/ta4ffdi8h2om/7HJ8wwrI2VJGlSEAIfknut/a805aae015cf31e87e05fb6d73bf91a7/HS_Vocab-HeroImage-1500x1950.svg,322
4SqMziE3uZGaVRNdW8qVzb,https://images.ctfassets.net/ta4ffdi8h2om/2HvrmerHgNAnf7dTpRWNMp/05eccc8f7afcb1ac603c2ae4c9efffa6/HS_TT-CultureGuide-ResourceCards-451x286.png,323
2bijh6lVmew3ysuCVhhYcI,https://images.ctfassets.net/ta4ffdi8h2om/3oLzvbFXHG6ZFrcuDIQYci/60bbe913ecdd5b333e8a3b8b1b68eddf/hs_tiktokcultureataglance-654x850__1_.png,324
51DIcwglcHYSCbNk31jbQL,https://images.ctfassets.net/ta4ffdi8h2om/7adRW8jywTGJMvWga331Kq/75e3057707fb776ac6f0269c2d4b85b6/HS_Overview-HeroImage-1500x1950.png,325
1HAmaKDjv8tKbkdB1DVoq3,https://images.ctfassets.net/ta4ffdi8h2om/1k7k3FDp3n6QAx8XAS2d0s/c254650d4d6ff68efb97906a6a38992e/Training___Services_Premier_Section_Media_Block_Image.png,326
0lDbdL27x53T3Gjq6jtRT,https://images.ctfassets.net/ta4ffdi8h2om/6bcbccALRuHDVdUJayngZH/0a3dc6d1af861dcd83e48b983bfdb641/22-TikTok-web-prodpg-rescard_business-451x286-2x_1.png,327
6rdZoTiiXCHo2qUwX1Y9HF,https://images.ctfassets.net/ta4ffdi8h2om/5MXhm9I8xGcknWb72VUmRd/17f2cba92083a91c8bb237b846549457/22-TikTok-web-prodpg-rescard_analytics-451x286-2x_1.png,328
2SRC5UltuCVau4s0Ubz0qm,https://images.ctfassets.net/ta4ffdi8h2om/376KSIyizr2VGDSLF19CMY/a50ca3f0abfceafa286164d02037e6e2/Potsdamer_Platz____Berlin__SPIE_Deutschland___Zentraleuropa__illustration.jpg,329
100aVAwULQwj6VeuZaYM65,https://images.ctfassets.net/ta4ffdi8h2om/4tfgYTbboCtnFxQw6ayILH/435209624e356be8ee8c41f2d8399ae6/SPIE-CaseStudy-MediaBlock5.png,330
j5T67REN68am2lAK6OzFo,https://images.ctfassets.net/ta4ffdi8h2om/2zxW3t4YlLGoPmP1IsoWmA/75e293685722a000c68343acdd8a36b7/SPIE-CaseStudy-MediaBlock4.png,331
76mjUXdxjpSRRurvyaIMMO,https://images.ctfassets.net/ta4ffdi8h2om/3FqJ6BPnuEApwMkjggrrBs/626ef9f49bda057f116e5f5f40f611b9/SPIE-CaseStudy-MediaBlock-2.png,332
6UZdKmU9ZXJD21nCO5GRll,https://images.ctfassets.net/ta4ffdi8h2om/477AyXocbB5BjRTMC7nPTf/2a88372e063dea6754c63e9eeb22d63f/SPIE-CaseStudy-MediaBlock2.png,333
1f4hhckej6bQYgbRTgLMXW,https://images.ctfassets.net/ta4ffdi8h2om/1JAvV4erWtbOWhYqtfqgX7/3ed9fa6677d60520d4c263483132a560/HS_Subcultures-HeroImage-1500x1950.svg,334
7oMQvDeNJUUULMm0z9eY2U,https://images.ctfassets.net/ta4ffdi8h2om/7qy8W0yFwJmW441Zzo54LF/9cb812e6cfbe3ec90b17fc76e9c60c27/HS_TT-Webinar-WebsiteHero-Day2-NoBG1500x1950.png,335
3K0mLp76ERrASZFH5mFd7F,https://images.ctfassets.net/ta4ffdi8h2om/o2a3UHTOkn8yWyLettTtY/7aaf83f5c60574edb2070b67529cf134/Hootsuite_SocialSelling_Illustration1_2x.png,336
7uHJy9NOItq94hr7HcjCVm,https://images.ctfassets.net/ta4ffdi8h2om/11ckgEddq5u0KC1R3X3l9Y/3def93daf06d9d217b21577593a9b521/HS_TT-Webinar-WebPreviewCard-Day2-451x286.jpg,337
7oh5KghCh5AxHASBixpG3F,https://images.ctfassets.net/ta4ffdi8h2om/25dwXdyTseqUd8MyhtjrfG/c2612112acbf6564837320b0055ec5c4/HS_TT-Webinar-WebsiteHero-Day2-1500x1950.jpg,338
4DQXvyZnLmHFwE2qZqRVPv,https://images.ctfassets.net/ta4ffdi8h2om/1EB644L2OZ2qK2wiKjZSbR/9555fed9d3461dc53e8cb258039dace9/Headshot_Julio_Gonza__lez_yellow_bg_400x400_2x.png,339
6LuvWuzaoLfPfJPd4tPtKG,https://images.ctfassets.net/ta4ffdi8h2om/76Wdw9hl9MbH2jsfQkk6NC/af16510060289a2adb4726d765fa14bf/Headshot_Ximena_Marti__nez_yellow_bg_400x400_2x.png,340
6lPv4oXIwyC3izGLNXU0QO,https://images.ctfassets.net/ta4ffdi8h2om/6kBaW2vKda15Z5lD7qAwLt/50a5c65bdf6a44faf5301534acd147f4/web_webinarMay26_res_451x286_2x.jpg,341
7pLzyH89MYzZmjiRFHpvTc,https://images.ctfassets.net/ta4ffdi8h2om/1B9UWYWPJEZF4j8dc1tWj5/0aca49fbe397674e65fc0a332a6930f0/Hero_1500x1950_2x.jpg,342
3dkIig4zQE4LTefuoKZPj1,https://images.ctfassets.net/ta4ffdi8h2om/4ydAE8w9seHXWxsaJlkOUg/59a3b60aee639fd99f811aa95ca5bc3c/CityEntrance2_1.png,343
5Z0LO229Ykm6XFuCINUXy5,https://images.ctfassets.net/ta4ffdi8h2om/1wlF5o8ckopAuDAnE2FUDz/cafcc0df758e369cf32538527f46091f/BAYES_070921-143_1.png,344
2psE7JpEIJajQzMxk0uQ3j,https://images.ctfassets.net/ta4ffdi8h2om/7nb38ieKjx2WLs1p0THekK/6e50fb3da480b26123161f4d04fb23fa/_DSC8178_1.png,345
nVhdgGhmVOAnZQ04YHy4x,https://images.ctfassets.net/ta4ffdi8h2om/1jDHmcy7WvmhJLsr2E8ufw/8df24415b292553802da05883e391c2f/Logo.png,346
6I2eXAnPKk3NVj7IjiwFow,https://images.ctfassets.net/ta4ffdi8h2om/24AfxYO2HPqhz3QJJUZ5eP/df9514e6f7fd1054851ea18ca3765657/Trends-SocialCustService-Webinar_June2021_KatherineAguilar.jpg,347
7CZl9vRk67lRSTCftwOied,https://images.ctfassets.net/ta4ffdi8h2om/5fxSZvh4h4mvVNEHuCGCZJ/b367ba7a866bdb473b31f7272c58ba77/Trends-SocialCustService-Webinar_June2021_email_432x326__1_.jpg,348
5o6JseIUV3ZFO1jPX3flK4,https://images.ctfassets.net/ta4ffdi8h2om/5tJwiRM1Lt6xo1CqljCw7X/f45d91a45f8381dba036fef9b2e8a127/Web_Hero_1500x1950.jpg,349
61EuBImkuPQ1kpTq1NCvJ9,https://images.ctfassets.net/ta4ffdi8h2om/4vItvteFuAa3nxczCwoN5K/88555ae7e3a03f75d975f5c2b849cc82/Facebook-commerce-manager.svg,350
ygYQ4N98PgVikXyamHkxV,https://images.ctfassets.net/ta4ffdi8h2om/2eORt0H3Zm7Q1SvfL5dQHy/d1b6f8616e9436821664fcf69afc5bf3/newsletter-icon.svg,351
7zqaruf52TJYdqYK96tm0O,https://images.ctfassets.net/ta4ffdi8h2om/1xOEj0kVNuEzfd5gzDKsB9/595f981280b78f23785939737824fb71/Headshot_.png,352
5cqnTFtUFn0s2x3orKnJs6,https://images.ctfassets.net/ta4ffdi8h2om/4AM092bJGqmdVNjcqbDfp/e610d36a880a0f3d569fc2b5ff536242/IMG_0498.jpg,353
3x5Jz401LiimftKbuy7oWY,https://images.ctfassets.net/ta4ffdi8h2om/4duRMXyGasAApxtS9auIK9/e7c6f21362295845db1e1f2a6896b8e8/Headshot_Morgan_Zerr_yellow_bg_400x400_2x.png,354
4HHtpDKkqmnGQD5S8T15Ko,https://images.ctfassets.net/ta4ffdi8h2om/7jHqBJygWPycbddoY0IrDj/538338cd40b01534ed2c9544f4125ed3/web_webinarMay18_hero_1500x1950_2x.png,355
Rk0sYmzycjh9aVOEvrleg,https://images.ctfassets.net/ta4ffdi8h2om/5YSto9dZOKNPzjU4hQJsSy/0137fa7c0daac64790c91d9853f53f27/Web_Hero_1500x1950_2x.jpg,356
6jGO3S7vqut4sa0FRxxR6f,https://images.ctfassets.net/ta4ffdi8h2om/1bVVvrz7m8Ja1n6Mf40jVG/a6f242aff7278d8474544a8d15ad980e/Headshot_Soukaina_Mkhanter_yellow_bg_400x400_2x.png,357
j0XnlQCtDRQ6kdyHRLRJn,https://images.ctfassets.net/ta4ffdi8h2om/7JR1omBTUBtTjniXwteSUu/8ada80a1a8bbf179b82b31e03641bcf6/Headshot_Dominique_Elsey_yellow_bg_400x400_2x.png,358
JOgcLDIXpRoxc3bMfj6nb,https://images.ctfassets.net/ta4ffdi8h2om/7uogwa0kfFTUiLbYLzNj8h/1e3fe4880cba1a12253136d9dc19470e/D22_Q2statshot2-530x500_1.png,359
6CjFEv5rfnfqTCvKoUhxKj,https://images.ctfassets.net/ta4ffdi8h2om/3PBXHuQA4hKFQRnAXpi1KS/ce0b9ae925fca162b1340c59d0e3e2bf/D22_Q2statshot3-530x500_1.png,360
6KaOLTU72M9UZOZgadWkq6,https://images.ctfassets.net/ta4ffdi8h2om/5NcFYk3d7Ydfp4hw6WtX4r/b1bcb9e0a6b055dc252330e50dc89d8b/step3.png,361
70sP1MhF9Nt5dcZBDtvECG,https://images.ctfassets.net/ta4ffdi8h2om/P1mZ0yhjnCwhr5Bx0BaIh/ce03073559d9510a3e693e1f899dfac2/step2.png,362
1HmUUlXAHydionplFHuwer,https://images.ctfassets.net/ta4ffdi8h2om/4bIT6sAPRhCTRdnyxv4FYH/c34c4d90050aeef1a57dc5420efe2146/step1.png.png,363
2lyWLsvwO2KNEqTqsj0enI,https://images.ctfassets.net/ta4ffdi8h2om/7daCh3yG96HGopEXIfgxSo/37e839b7d64518d0ef619b3e34372708/devices-image_large_170330_193317.png,364
3Dk0HCnmLcCxIilo0YnpFQ,https://images.ctfassets.net/ta4ffdi8h2om/48MwKHvENzgirLgIUOFvGE/25da14cba007f024c468697d05be01c6/googleplay_large.png,365
2Wd96Pv3qkOjdN6fZu2nOd,https://images.ctfassets.net/ta4ffdi8h2om/5UIK6tGVBj622jUz7FAivc/2ff131c6597763566438309e1d1a43f0/appstore.png,366
3umNTGQh1kqulgbpVUyFg2,https://images.ctfassets.net/ta4ffdi8h2om/22PPQXR3KeDAngqR2rKwAm/157334b61b058a6c1cde18a91ee860c0/Colleen_Headshot.png,367
6GYrXHVMjvlJnLv0wDeq6g,https://images.ctfassets.net/ta4ffdi8h2om/4f1NbZJmdC8KPiNyUI8FbR/5394c3bdda67113b214e2caa9a15e208/web_webinarMay11_res_451x286_2x.png,368
29tMXqY2cRAVjfBDXkYiXB,https://images.ctfassets.net/ta4ffdi8h2om/1x5vo2TaTpFkupWXpRwQ5C/0079b5f13da065a39af85ab38344f806/web_webinarMay11_hero_1500x1950_2x.png,369
3l50YHh2gSkiiaHmiKZ5Cw,https://images.ctfassets.net/ta4ffdi8h2om/1cwA2eumu4YgYbqTryMpHC/b460867d8749dcd9032d1589a17294eb/tintpartner_webinar_headshot-david_ramirez_400x400.jpg,370
5dyLWo9QoMcaTRYu1P5PeV,https://images.ctfassets.net/ta4ffdi8h2om/hCQmxFMpbznAkZeoJ9j1k/1b50ebfca1f8f8c911abfde96f0ee79e/72392621_126753728722693_6599897001893036032_n.jpg,371
6zSWEDTrryaWlObNdRCyD7,https://images.ctfassets.net/ta4ffdi8h2om/3SFCSfVHlCZipwkBAxFZc5/48d9329914356bb59cb718b787c1472b/government.jpeg,372
3SjU4pqG2Ycml9Ig7BGTa5,https://images.ctfassets.net/ta4ffdi8h2om/3TtLJ8jnDtr87JGS40FgYA/d7228a81fdd8a7740d3398242b7892f7/health-care.jpeg,373
5uu2nexNE350mcpiuuSpva,https://images.ctfassets.net/ta4ffdi8h2om/6bQRP9EW2uP2yHXTs84wEo/b8abe9f44900cdcb402ea6105beccb0a/higher-education.jpeg,374
41NG65E32HkzwpwrYPeH7f,https://images.ctfassets.net/ta4ffdi8h2om/6lIH0I9kQVSsYlMa2T2xLr/ecb4d9ec03975df804137c7e530baa07/financial-services.jpeg,375
2Q83RDYLlbpeRjpb0fQ8uq,https://images.ctfassets.net/ta4ffdi8h2om/7Era1lAlFO7PoUXyAiS6hb/106d1a88d97652f7e9790d5740bd408f/talkwalker-logo.png,376
3LfsmNsSbCXBOXRqfIeKkR,https://images.ctfassets.net/ta4ffdi8h2om/7hKUydHPt6GyF57ttjanLd/770961f63eb2b0a4b784755f5aac923c/Copy-of-Microsoft-Teams-Logo.png,377
2EC1znkY9FaLeUI76EGplg,https://images.ctfassets.net/ta4ffdi8h2om/2axPYZmfVddkT8rtEVFORI/9f71daf11cc211e3013d958b70115458/bw-horizontal-logo-rgb-1-1.png,378
20NK5pzK06CXy1sQyalNi8,https://images.ctfassets.net/ta4ffdi8h2om/5XwiBJ1TbgpxOQ7umoFRgF/3204ae893195ac0c2f6163024e5a653b/zendesk.png,379
3uq9LQCl6CNbdfxrlRuS3I,https://images.ctfassets.net/ta4ffdi8h2om/y3EjA4wZJcJEPcmcneacv/d7ae6055b42a0cb223ef6d71864a3012/Hootsuite_SocialCustomerService_Illustration2_2x.png,380
loe9v3ce2sMt6YWsS35jz,https://images.ctfassets.net/ta4ffdi8h2om/3d2hi0jQchmDfVO2LTTBJT/66a178c16289e117b8a24caf0acb49c2/Hootsuite_SocialCustomerService_Illustration1_2x.png,381
36xfYwdY2gr4zYHfxBiOsJ,https://images.ctfassets.net/ta4ffdi8h2om/2G9LoPOsVeDM7H9MYNHXQE/6378abadd7dcb93d976bf4b98dae9886/Group-33.png,382
2aJZUhurRhgEVE5zOpPzvM,https://images.ctfassets.net/ta4ffdi8h2om/6ooUZQ5rcLB0B3ccWp1u4r/8ec66718e6a3345347a781ddf6c8e3bb/Dominos-logo2.png,383
3ObawuouNyBwuJuI3xJMK9,https://images.ctfassets.net/ta4ffdi8h2om/3EeG6DzcVKirqNuELv6pyC/f903ced2a1fff22013160097c75f164b/accor-wordmark.png,384
2zwaFY8iVKs6P6uBVp1pDH,https://images.ctfassets.net/ta4ffdi8h2om/11kog4pnevzv7a105L9dI3/629205fa317581324755d54904ce9493/marketo.png.png,385
7arHwAe0UsstkXV2SJpUai,https://images.ctfassets.net/ta4ffdi8h2om/5MSyafLKg0A7lqo8LRh6ql/c41278b01deec397337075b49b862f6a/customers-like-you.jpg,386
2qv1ulfDCt6awyinKsrWqF,https://images.ctfassets.net/ta4ffdi8h2om/48xiaeiAS9sePqZqiFtLVc/0998d4997b0ff397afef40a84e38b512/marketo-logo.svg,387
4ZNJxdcyqEe9MrhKkwsvT1,https://images.ctfassets.net/ta4ffdi8h2om/38uAtSYkCQxePMVqEV0hAo/cd05b6589890967b7e61ee3f9bfe623a/melia-hotels-logo.svg,388
4bLTLZnG11tUYvwBIBWZO2,https://images.ctfassets.net/ta4ffdi8h2om/6Hcl6C1uUJcmZxwPdYOQRs/d8bb8b59b0fa1201d9cdc1bba3b382cf/SXSW-logo.svg,389
57Mq8yocVy5T6rxiNJ21S1,https://images.ctfassets.net/ta4ffdi8h2om/4r9B0z1dZTwNQU8Q8jOuhb/977b45a4b4a7750fecb34f8be0940820/moderate.png,390
5xIwCxbd5ca3Q5aIe54rCA,https://images.ctfassets.net/ta4ffdi8h2om/1lqmoSeC3YqiwqDSB7ErVZ/e4ee19bf0df7181f1987b722da83db3f/YouTube_Logo.png,391
2IYOx3CW2NvEvg2EzoV1eg,https://images.ctfassets.net/ta4ffdi8h2om/6in8Ex8VXiHS3gj0Depns4/4acaa95e6bc517a9d1ae3d78257643db/oneplatform.png,392
433pv2CaHcRxMK6VyLViP4,https://images.ctfassets.net/ta4ffdi8h2om/5DCgAJIa7s0LXZXxzmKhJO/7f80b2c855b2cdc6c076d25380693ed7/schedule.png,393
1GFwVMu4oZ9LkEN3T1qkCq,https://images.ctfassets.net/ta4ffdi8h2om/6TsZVamOs4IMmYkeuWZ20F/a716172431da1d533ae3c8d691660046/mobile.png,394
1tsDdkj4GSsAipKhWIJiOo,https://images.ctfassets.net/ta4ffdi8h2om/5ZL4ec3RmEmsW0OnRlPjnn/1c4fcce295a98ebbe6814bbcd1d02e3f/youtube-results.png,395
6gMaPFYJFzJQNyGCwvqA1a,https://images.ctfassets.net/ta4ffdi8h2om/5878jNUkajRVDh6xSKxL3f/0b8de35572710fefc7056bcaddb078d8/COVER__3_.png,396
7r0W1IMVSYL18BKppNxRLB,https://images.ctfassets.net/ta4ffdi8h2om/hkplWLSSbT0B4wkaW7HED/c3e5e0e41e70a090b9ff2a427383e552/employee-advocacy_3x.jpg,397
1bkghUY0oyOUPya3jnfwqs,https://images.ctfassets.net/ta4ffdi8h2om/6f27h0UzemaXSa7Vm5AlQE/5143e38df66227801699c3bb72a7c3fa/social-customer-service_3x.jpg,398
XT8xjxTydnWiZXM4370Ck,https://images.ctfassets.net/ta4ffdi8h2om/73hj5949azetMWjmsTTxQS/d2211704df7d20e730cb3c353a5257a2/social-selling_3x.jpg,399
7z7hTBmg9OSG0zF17PSWvz,https://images.ctfassets.net/ta4ffdi8h2om/4rNc6eoJqzhwOOy6jr1R0A/9a3aca6c308c534b90f39a427b072965/social-marketing_3x.jpg,400
CAs8RVEuQE8I1aFxMLAds,https://images.ctfassets.net/ta4ffdi8h2om/2K8aFpXoG9XkXYq6LgvTbk/4ed0e9e01a07d9dea5a7745bab17713d/Youtube-card-2.jpeg,401
67mnALpV0xxaCSlid8sDa2,https://images.ctfassets.net/ta4ffdi8h2om/1PLcuk0CbPb4p39rHu4opN/e89a171ff111d829db6746bfeed154a7/Youtube-Card-1.jpeg,402
6JgnZwSk7bJvVVWng9dDX4,https://images.ctfassets.net/ta4ffdi8h2om/20IzSsdedkBNngUEJUaUIl/f4420b4a5d25cd59c5332d8c7d0f6c95/Stay-engaged-with-customers-Copy.png,403
5vnNIH3D3K5pm8cnD7ee20,https://images.ctfassets.net/ta4ffdi8h2om/62yVVGnYXopFRET4DxW1oF/7a6ab26d013898dafd810e071d4a89ae/Ui-image-2hs-image.png,404
2lm5dObbAb84sYJEqnWDug,https://images.ctfassets.net/ta4ffdi8h2om/1zVRyKpwlbsv2HrDpH4Ufc/c3e602500a3ef830817dbfe85bdb77ca/Stay-engaged-with-customers-2_190828_230950.png,405
1KsBHNPynfNej8snyY0WP9,https://images.ctfassets.net/ta4ffdi8h2om/1reWQmRpu6huvBASUUVcP9/75f5009eb8c37a0c98b166c27a7c5b2b/Edit-and-post-content-Copy-9.png,406
1OsuPyHUOHhsqP2e7iaBcb,https://images.ctfassets.net/ta4ffdi8h2om/mfwh0hftyjDfYnNX7XpC0/497ee20d3cf7507b8aa23e6f6a53fc2b/Twitter-card-1.jpeg,407
7Jg6vcyiHBFxkIQOPHXEeN,https://images.ctfassets.net/ta4ffdi8h2om/EFDHZZi2qQvO9HffGWVVu/ec738fdc69cca0266accff52cea4e2b0/Edit-and-post-content-copy-1.png,408
1A8CpswYz9CXqfKzlbfXHr,https://images.ctfassets.net/ta4ffdi8h2om/01KtyDdTH04Re4ewEtllVY/eef29b851160680892152b6552577b12/Edit-and-post-content-1.png,409
1VInw9U75y6DGvqsnjJEzH,https://images.ctfassets.net/ta4ffdi8h2om/3PfrpzyDVL2Fo8u6ePnqtg/04f11cc5f8909ecaaf9b7dc8224e664e/Edit-and-post-content-Copy-7.png,410
1yBw2VXSNXelWg2AAKDQGr,https://images.ctfassets.net/ta4ffdi8h2om/4looxmsCifNxeqMiC0Am8f/c72fa84a3d9fa7c5fe871cba34b81c15/Hootsuite_Twitter_EngageInNewWays_Illustration.png,411
4lJoGduIK886etodfj1FiN,https://images.ctfassets.net/ta4ffdi8h2om/4GLyYRePZFrbV3T3djPSe4/03ce900ebc577d9a435a23b8e224c545/Twitter_logo.png,412
4NSjSrGEgaMvcNJ6WBdXoC,https://images.ctfassets.net/ta4ffdi8h2om/5kFuRkyPQIbxNenJ2TxP4O/8a837c2ec50d8cdd9e87154e2ba6753b/Youtube-Card-3.jpeg,413
1d0uCo2hSJyuWNWkRr3eO8,https://images.ctfassets.net/ta4ffdi8h2om/2AMOMyReFNvPaUQmmQODNs/370e52e6e51a3b4891953965428d843f/Edit-and-post-content-Copy-8.png,414
5Kluh37MORH9I0NB0WLs3l,https://images.ctfassets.net/ta4ffdi8h2om/4acVOr2KRHM0YoI2vfaCx2/9810e1b67fed4adf6c0487f1ae675164/UI-imagehs-image.png,415
bplcvKHYqyvCUNz172Mhl,https://images.ctfassets.net/ta4ffdi8h2om/1BGLXL8Ambdxgnojgk6SVH/70076f9b476e95b1566dbd373b06ad9e/Twitter-Card-2.jpeg,416
LxK6ORMxcXnJ1YSuyAGhy,https://images.ctfassets.net/ta4ffdi8h2om/3xYljxONLv5PveJO1iASFC/89c49d71346c012ef6badf3e95428c9a/Twitter-Card-3.jpeg,417
5d1BpWwBpO1mcrwKLt5Eb1,https://images.ctfassets.net/ta4ffdi8h2om/4eFnsTZYMaYdObtoK9GWiu/d004c6cad29749e5bdac2a03c3ffce7f/safeguarding-social-campus.jpeg,418
1CBUmdbjBxZpAjh4BnOXqN,https://images.ctfassets.net/ta4ffdi8h2om/79mrDAQnkZ1thp3bhqSvyY/a1ed235b1d886ddd6208a7bf2fbf8ae5/report-social-campus_191015_022912.jpeg,419
1w56ca4IGEv1jn4AN27BS6,https://images.ctfassets.net/ta4ffdi8h2om/3RoQJHTiLDm4VwQ9fIyabG/57ce32ae8d66146a3b71613132811346/speakerphone-icon.png,420
1fBMrL8me5n7qpfDbc39wB,https://images.ctfassets.net/ta4ffdi8h2om/4ghzjJhDx4jo6sEmdEL9Pt/fa2b3b1a2f4ff4aeca7dbae293308eb3/involve-alumni.svg,421
4Az9eHwY7Pps8VvnXmTf8s,https://images.ctfassets.net/ta4ffdi8h2om/5GhtfMhfvSs8BmNlnav0TT/f04c4b8e626fc5812d219e143c539cae/attract-talent.svg,422
2BnsO2jjhZmc1fU6ET5K8t,https://images.ctfassets.net/ta4ffdi8h2om/2z1RXT8v5l92tgHz8RkQyP/a71900cf0bdf0b1d4251483d2d574668/empower-staff.svg,423
20YTEYnE8mnuI0TZE7vhjx,https://images.ctfassets.net/ta4ffdi8h2om/53L6VXALkvuReJIvuakE4o/081e8bebdd02554847bfd791a1cad703/campaign-icon.png,424
5JT3xudyLAYOZgDB5vcnWk,https://images.ctfassets.net/ta4ffdi8h2om/5pa4ZU6RtYkHEldUNHu3BU/608f126b4cbe49df324dbce3704d64d5/GSU-grey.png,425
726H3mBnFOds7jmubF1xgd,https://images.ctfassets.net/ta4ffdi8h2om/5KaT2jSt9ScxOWs24Pfk4B/b0e5282a9cfd0446a8e0484aa66ff78c/1-texas.png-2.png,426
55dMqPWuqVcZEGz9TDiFBx,https://images.ctfassets.net/ta4ffdi8h2om/6ei2dEB693RCLtyvaLFJjH/be7a3b88f83df5edd7a0e2a184019a5b/5-carnegie.png,427
6KTV0m40v6d6SO1529yS7s,https://images.ctfassets.net/ta4ffdi8h2om/7I5dP7DyfyJ52Xfq57wlz8/d69a9ba4bac06dd1cb7c43ca407d9567/7-british_columbia.png,428
2JPywDWFsN3lX8AlWLCFHb,https://images.ctfassets.net/ta4ffdi8h2om/6GcMZqlj05sWK4I9S4FkA4/cd33bed0a3b9d90faea327803a3888bc/hero_3x-5.jpeg,429
5jP8DWNMf19fiA8NMyFqjh,https://images.ctfassets.net/ta4ffdi8h2om/2UlFidsi0tXyCGI7uhCSRS/7f537c8ad5118b405109c26d025cbfe9/health-care-guide_191023_163450.svg,430
1dPfRJ8DzfbSFUoSHeDk6h,https://images.ctfassets.net/ta4ffdi8h2om/72wTNvWYkbQ03tcCFmC1SY/2cca0ff587f0540a4c9554807c54b7e3/social-media_191023_163439.svg,431
6Ddfj5BIEXH3RX7lszd4jp,https://images.ctfassets.net/ta4ffdi8h2om/3JBoBE1sYKchPalosW4bIC/50d29002180698b4a9d6e5254fcaa9ae/health-care_191023_163429.svg,432
41sAmXoGbEwS9q7vowDYG5,https://images.ctfassets.net/ta4ffdi8h2om/1TVf2i0I8eYvF6HKE9EVbe/1f90109582982a28a35568b572f46071/compliance.png,433
5wrtpIGkR02GlQTl2Ep34B,https://images.ctfassets.net/ta4ffdi8h2om/5OLbwd3FDsKsGb0rhYaWKS/cca01b00c5bb7261022d83e8b72b86ef/analytics_191023_163354.svg,434
2rpjhCFH2vk5LfuGsgpwA7,https://images.ctfassets.net/ta4ffdi8h2om/6boxWTLim0deV1pW2pLTUn/5894bef5f9f718f7754945ab95fb8be7/platform_191023_163343.svg,435
7g57FUBKOHCsGnXCvnt6O5,https://images.ctfassets.net/ta4ffdi8h2om/3BLJ3QTrAdPhwpjoHVZCiF/79f07f9e590a05d3e3a328ece6c50950/education_191023_163303.svg,436
1WixcguOwMgGdDxPoTTxbc,https://images.ctfassets.net/ta4ffdi8h2om/lqoQ7CZQrBk57RpEjdrLJ/f6a880be4ec842d51fbd4baf634a9adb/users_191023_163254.svg,437
2mxoopghaRZbJ9PtskSNxD,https://images.ctfassets.net/ta4ffdi8h2om/6mX9WP0lMa5uruY1fPe4Uk/c81b5c2e6459cbc79a27f898bff432ef/illo_scene_collaboration_191015_025018.png,438
71TuxuZkLIZrWWV3BYEZ8V,https://images.ctfassets.net/ta4ffdi8h2om/4EInFJyICfwRrwiRiXcOLX/2388c3d4199f6993cf1be8ca05a5622a/Michael-Yoder.jpeg,439
1t7HgrT4XArIkNdNUBndtU,https://images.ctfassets.net/ta4ffdi8h2om/2aowALtRLCa4vxGmRPe0Kt/88a6f677d9715dfbee698d9f3894a25e/dashboard.png,440
73hsf5sjCl5zBZt3kb0NuY,https://images.ctfassets.net/ta4ffdi8h2om/1EmV8TDyTcdBZwK6lIvuZA/aad8cb407ba2c074a017d88d89bb4301/Vitas2.png,441
4QG9avK82XAEChVMXyofg7,https://images.ctfassets.net/ta4ffdi8h2om/1KRftSx4LSoTaWD5ggRMjN/1fe5291a548f7d5a76e70b9ddd496658/AHA.png,442
5pS1tgs9EWQvAwJlIdiHl2,https://images.ctfassets.net/ta4ffdi8h2om/1ng0yf5G8vr7r3wmnq6iQz/f395744f3b6b5703f7d37a0fc235f4b5/logo-henry-ford-2x-1.png,443
3GXJJgwu57BkWvYAJieMdP,https://images.ctfassets.net/ta4ffdi8h2om/3SHBYwezApNzJftj1fRzkG/3ca208d590b93bffab2f8146b49a6e3a/hero_3x-3.jpeg,444
4Yy1GEBsrOnlUZzzdy0BRB,https://images.ctfassets.net/ta4ffdi8h2om/SbXWLOTphabsCh03uzwrM/1b8e0ba1225199095e439f3d988526c6/publish-love-icon_190716_223855.png,445
4HNAvuCvvCZcpn7WyO0pFC,https://images.ctfassets.net/ta4ffdi8h2om/1GwnZScPf0zLLvOOZ5A53E/ba74e1c6175434d5cf43f71170165a4c/reach-customers-icon.png,446
1OON4sCVdDA1s6kF9LT9vi,https://images.ctfassets.net/ta4ffdi8h2om/DvhMMZWJYqPwLktO2ZzZ9/1945491389af508e89fc695e71108403/social-media-icon.png,447
2UwZ6QZO7SFGejEVBkRVY0,https://images.ctfassets.net/ta4ffdi8h2om/cCH9upzXZ4rfZwC3Rsvg9/fbef86fdf7ee8ba64d2977780cae1fcb/image__1_.png,448
1v8QbRicztaW9skx2zA3g5,https://images.ctfassets.net/ta4ffdi8h2om/2pauxZkHwUUfclekRvT9hk/ca220446a578aae61c295d5b87413458/gov-2.png,449
2LJ0a0tjNaO7UJiiAd9PiS,https://images.ctfassets.net/ta4ffdi8h2om/6UtVR9Lp1v8mPklAgxulFe/dc32dd983ca918637afa9414a474db7c/hands2-1.png,450
bpoePMc654D2UHOERRB1o,https://images.ctfassets.net/ta4ffdi8h2om/2oZoGJ9h7fPDGsM2sNrVew/d0b6f62d1d0f3b6f87d15ad2c7462f01/measure-sentiment.svg,451
6CNYhTbgpYBkV82X39dQhR,https://images.ctfassets.net/ta4ffdi8h2om/2swAnsgCERlghcNggATlc9/bc1dbb1e1895496bf3414f3d2110968f/stay-compliant_191015_030208.svg,452
2SYFjAP6Caij3aOT68ZoTz,https://images.ctfassets.net/ta4ffdi8h2om/2QMAT4bO9hpoDCYNMlruFi/ee54f3c2b13319e898eed818b2302c19/empower-staff_191015_030158.svg,453
DrvHEAzWiPiSfIx012sIZ,https://images.ctfassets.net/ta4ffdi8h2om/1smhaxnFxZgWTxyITbamWf/4cd894ee07c657978c0d1e60420d43d3/logo-bc.png,454
5tIFKqiHEnl9FwR6HHoxbF,https://images.ctfassets.net/ta4ffdi8h2om/3NY86Y7TJLowkNmPD4h6UI/796fac9b0c895dd4a3aaa6a79b3eb6e0/logo-met-police.png,455
4zC8mn36bO0WSByxEvOiAs,https://images.ctfassets.net/ta4ffdi8h2om/6H2uNPIxJslnoXHFcsBe3H/479b00fd3de4074ba9b893de6f7ac051/logo-barcelona.png,456
1I61YZaCRohP5avOLvgolm,https://images.ctfassets.net/ta4ffdi8h2om/6Z3ZdkeU5FKIDIxJ0gQJjy/ec761a73a261f7be52060f09dcd4e7e1/logo-boston.png,457
1sYaOQNAKBjDvS4Db6Ubr3,https://images.ctfassets.net/ta4ffdi8h2om/5IzebxdPeWf7Ltrlb9gPjI/d89d079ce82924fe09c87f32228de19e/fed-1_210330_234931.png,458
6PrzADICSvXwJjfgTDOxNS,https://images.ctfassets.net/ta4ffdi8h2om/1MVXxOJL65Zj4tJw6vbI4I/f781aa5cb2d605d17c41cf7761192730/gov3-1_210330_233318.png,459
lJrVLwAIP41vRiEyqp7ep,https://images.ctfassets.net/ta4ffdi8h2om/omkuwV2jCG9KAJBKKqTfB/8338d17d2726d7b147c1bb51a9c808c8/image4-1.png,460
NS1Objl3HvqFOnI5yIDRB,https://images.ctfassets.net/ta4ffdi8h2om/2z9BV2eYM7Bhwf7zL3UfI6/6b0dd940c905a4d5078952968006dd24/image3-1.png,461
412Og7jIuhxhS9oqPP8nXh,https://images.ctfassets.net/ta4ffdi8h2om/2SubwaWnw6uhRKTPJkkaUJ/b2cdb61220b88794fe45e6ace5b1f1e0/image2-1.png,462
4l1W5ZMJClOWr7PxgrYhsg,https://images.ctfassets.net/ta4ffdi8h2om/gBLgKWYUYBvVeL76DjWz1/085dfa144109700619d130f0b45de6f6/image1-1.png,463
79cq9LiokVeu984Dn6N9aB,https://images.ctfassets.net/ta4ffdi8h2om/gjbWigLomGANRnpXWy0u2/3120d0260fb95112e9ab27f5cdeda063/main3.png,464
1UKjuWi24yw0LoGIAjP4EE,https://images.ctfassets.net/ta4ffdi8h2om/YnBgTCp4rReSoOkvmPSQS/b319bd725f161854a33e30d829337cc1/stock.jpeg,465
5zG7QeC163Qe8yZznK5SZI,https://images.ctfassets.net/ta4ffdi8h2om/3W3xYF5WEzngwXKFPYzDl9/2fbb404937b5361e7b75d3a81feac2c1/adobepartner-1.png,466
3skOrCYBkbUqFaw0N9Bo6Q,https://images.ctfassets.net/ta4ffdi8h2om/50HBd4SiT0TPVmcPmVe0St/5569b338cbe4411155c72300526b5ec8/hootsuite-platform.png,467
60BqgzWEGxs7rrU0ge39eC,https://images.ctfassets.net/ta4ffdi8h2om/4CPG1s8Dzi6bbi2rDRydiq/6b8032c72805e065c1a2a3da8b635661/hootsuite-ads.png,468
1JPmacnTmq4Kfoyac09z37,https://images.ctfassets.net/ta4ffdi8h2om/7w7EMLENxMDak3Jy1PzeUy/f462cc4e35679b2f503b6a76d1c680cb/Hootsuite_SocialMarketing_Illustration3_2x.png,469
6EdBuEtgAv1qfqu1tMvDnF,https://images.ctfassets.net/ta4ffdi8h2om/5gRSdPM0mRM1mSQOR0FDSw/d7a83694bae7c503ca83bdce8dbbac8b/Hootsuite_SocialMarketing_Illustration2_2x.png,470
2p9kfvFUP3SXUpt0qBja2f,https://images.ctfassets.net/ta4ffdi8h2om/2rICTwauR0wQJpbXERksnF/57cbc0c0a105464cfbeb75f30e3f4fee/Hootsuite_SocialMarketing_Illustration1_2x.png,471
vShcYtyeVGB3VNZhk1MQJ,https://images.ctfassets.net/ta4ffdi8h2om/5vZ6Rq6tKTfryV62FPBJdD/e1624bf98ece6b819d9f93558f463080/Dominos-logo1.png,472
7dJYGNgGFdVZX1C2zzv4qE,https://images.ctfassets.net/ta4ffdi8h2om/7lQ1lBzz7yN0Pu4m51PBEB/4d5a7b94e8f81a5b32f381353ef37988/Accor_Hotels.png,473
iH2XtcTTDYvQBmQRgotdp,https://images.ctfassets.net/ta4ffdi8h2om/40jplacZGbOtc5kODanOBb/0566adddfa8c1149d441f3590a0cccd7/wwf.png.png,474
2kbRf6vVPcQ2LmhmJmG9VO,https://images.ctfassets.net/ta4ffdi8h2om/2ywMRvL7Ke2pSTb2JURwa7/ca264808f1b3abfbb0512899c66d7c02/use-technology.svg,475
2BTaSf9ghjaLvpXkCaFWtz,https://images.ctfassets.net/ta4ffdi8h2om/7MbQKxkl0GSRw9ivM196wu/e80bb9f8001286a79718ac627690e33b/protect-brand.svg,476
4YTpaoNDxTK2NnlGzRAASh,https://images.ctfassets.net/ta4ffdi8h2om/5tC6FNRDlsPa2Er77PND0p/d8d28c2ae1993042fb939d8e1c38e45f/onboard-teams.svg,477
16A4KMWx4xoe1H1q5uRM59,https://images.ctfassets.net/ta4ffdi8h2om/7bHOpNyMAvYyxS4wHgzVrv/dc051903dc1785a64a9bbc622b13b2b3/melia-hotels-logo_200123_200311.svg,478
2zpT8mSa11xvaaDlZ7jJrK,https://images.ctfassets.net/ta4ffdi8h2om/5C4BkC0zQY3QnFlM6w42yH/541731e5d3a5ffeb97c4bdf1b284e4b9/Benefit-01-Inquiry.png,479
7iI3DPgyRfxrTENkuAuosf,https://images.ctfassets.net/ta4ffdi8h2om/3Fe5KOMvrbdHSHxo3keneN/a57bb6a20dc046cbd98ebec3681cd259/marketo_170829_234122.png,480
6cD0Lxntf21wGdLKuFBN36,https://images.ctfassets.net/ta4ffdi8h2om/57XlGlznAZoI9LdLHWLRA8/38c756da68c3879c758155fd811c8a08/Allianz.png,481
FFg1XRETG3PDA0rkIS9QX,https://images.ctfassets.net/ta4ffdi8h2om/7IF5wiGz2pb6b1IAbxEnCu/32c057ee22163cb638196532a5004931/social-media-advertising-stats.png,482
1URqduXToRt7xOhr6kiGN1,https://images.ctfassets.net/ta4ffdi8h2om/5OMbp7iETrl1VZwBDNwwQS/6f464f8a69438e3e0c7aade1391c4647/Instagram-algorithm.png,483
gUGFeFjwX88qY7Nq1CwPu,https://images.ctfassets.net/ta4ffdi8h2om/3ifkAgpDQ5hQnf4QmHITAp/5b4f94a5751f31f0b8c60cb5233e545a/social-media-definitions.png,484
2UYCdiIffWO9QVU50sVHX1,https://images.ctfassets.net/ta4ffdi8h2om/3spQaHOzlVih4LfnAR95MN/4e3f83a0ef510f7e7718c0112e1069ce/new-verified-insta.jpg,485
2Mr7aj0nxsU27gwNV2mBXj,https://images.ctfassets.net/ta4ffdi8h2om/1KvSbw7EVpefE8U23We1Xn/e2197f47136fab549add4341574787e4/facebook-algorithm.jpg,486
1kNElB4c9XYqnmphCWi0nl,https://images.ctfassets.net/ta4ffdi8h2om/6MfU7F9aU7kNyRpSXEjWMt/9c9fd1df739d19ceb7033baae573e7cf/instagram-demographics-3.jpg,487
5i8T5NQ86qX2rn5qGLQzSd,https://images.ctfassets.net/ta4ffdi8h2om/6E5ISS6yo70IWZgI06tDEB/2be26fd65b903059ce3a3dff5d6e4336/YouTube-Stats.png,488
1yeMWS9Biyz8dPvRT7jUCO,https://images.ctfassets.net/ta4ffdi8h2om/7hbbin35PFH5TYynAixLsL/464eb33b528273984f5e94336cda586e/Hootsuite_LinkedInAudienceContent_Image.png,489
1DtbcskAllOZcTpObCYXTv,https://images.ctfassets.net/ta4ffdi8h2om/14345MfWffZmAwRsoUg1Zu/58e31c9904c24f89bbe7a07afb470cba/karen.png,490
6y4SdkbmfnRFZKQei9hoQF,https://images.ctfassets.net/ta4ffdi8h2om/3z9kZSbB96XpnPuGdvPjfV/eea50d1bcfe7ce45944406fc0cc6b762/Hootsuite_LinkedInAnalytics_Image.png,491
2AulQMRkGjf1lwLWlExQ7C,https://images.ctfassets.net/ta4ffdi8h2om/1laIfRlmWOHa10EFhSHaOp/2c1e0f0b36208749754460ac913d44ee/Hootsuite_PinterestAnalytics_Image.png,492
2ubD8q7GBIIedhgETVrCLL,https://images.ctfassets.net/ta4ffdi8h2om/3KdEYVQnOanC5Lp0VVKUKS/61ccea035910966eb9f373c2a1b1f836/Hootsuite_SingleDashboardPinterest_Image.png,493
39R4JDaveZRRaVmikKPJur,https://images.ctfassets.net/ta4ffdi8h2om/6UKeVP4Qw6RDbDIrOnw0tw/26fafdfb416438eb4113011c03591a6d/Hootsuite_LinkedInVideo_Image.png,494
208nmgoNtI6ieJi1H3sCOf,https://images.ctfassets.net/ta4ffdi8h2om/3mVaxAWGpUIPAskBjX8gse/d6b8e0cf248fa9996efe071104813bb4/Hootsuite_LinkedInAudienceConfidence_Image.png,495
5XOKmBiCXIvlOXdFjpGpL2,https://images.ctfassets.net/ta4ffdi8h2om/6lUVgBAloxqOBDdZ78r7tt/30a7020c0e1d5021923a4b2e66768fad/0_pinterestlogo.png,496
3Z6vzRG6K65KwidlPc6wb6,https://images.ctfassets.net/ta4ffdi8h2om/43CVgmh9GzJxijhWFXeALl/3f212fe998a64305d34c99f542a430be/Hootsuite_ScheduleLinkedInContent_Image.png,497
142GPk1O7iDeM7IIIjj3vV,https://images.ctfassets.net/ta4ffdi8h2om/2cU7iLcngxADI8VHkz1ajs/0da62b543d452f9ec382031cc55bf6df/Hootsuite_PostDirectlyInstagram_Image_201110_170632.png,498
5ek5QsRajWD4KH6G8t2s5b,https://images.ctfassets.net/ta4ffdi8h2om/7qUJWCJ923DWwEi7QPgLCt/a4cce8852391da4329f2760b95c74c1d/web_IG-carousel-screenshot3_201208_191015.png,499
5lnVqGjCI7wFFNf43zZHVg,https://images.ctfassets.net/ta4ffdi8h2om/7KI7KRsWDjXxD0Vz0tqxMi/d36196950b85f3e4eaa617aa04875a2c/Hootsuite_MonitorInstagram_Image-1.png,500
2GCWLPCBclfWisAXeOATxg,https://images.ctfassets.net/ta4ffdi8h2om/3OAhaeT184TxHkfVaUBLbK/24aadbd90a782796c07d03896839e5a9/Instagram-logo.png,501
2jOi6YS9AtP7CA9KeznttX,https://images.ctfassets.net/ta4ffdi8h2om/TjcJXj5NlZye02QbSruwK/12f37bb39233f39dc9c43b82e0bbecaa/Hootsuite_LinkedInInbox_Image.png,502
4zre2rBKrD2l2M5RJdctt7,https://images.ctfassets.net/ta4ffdi8h2om/3pi12jXYoOSh6okCAqQLVp/de74b44ee4270aae9bac20767ce3a0da/Hootsuite_PinterestCompose_Image.png,503
kL68xqev4gPpyqOsgZ5Ms,https://images.ctfassets.net/ta4ffdi8h2om/1bjOAZPH3KyFOnNY8VszRh/03dc3088404bda25ac14e4f8073e34c6/landing-page-instagram-section2.png,504
5S2OSWKnPJz81Fh7oAaAAt,https://images.ctfassets.net/ta4ffdi8h2om/5sNVvz3BKmUW8Jx1BHt2P/89edeec1afa7c87365627cdbe9edd61f/Hootsuite_ManagePinterest_Image.png,505
4EfOhLCRMoIxDFKkRImTJJ,https://images.ctfassets.net/ta4ffdi8h2om/2QsxI2GFeodTAIKsOxxJP4/3bc370c3d219ce163d60c7c279b4deaf/LinkedIn_Logo.png,506
4HKucc4Tthg1684sHx8dad,https://images.ctfassets.net/ta4ffdi8h2om/3lHWRbOV6EB8JfEaojI34u/013b892d43073d24f3623339fc8c1f70/stepupone_logo.png,507
2Y41ER9TPjOME66DTUS5cJ,https://images.ctfassets.net/ta4ffdi8h2om/52TR3XVO7IVUHhC1eFSYBm/8ca75a250707cfe8ad1eb4fa16acc642/web-CSR-impact-image2-1000x1000.png,508
76OnzlQMylJrNt1KlsMYO7,https://images.ctfassets.net/ta4ffdi8h2om/6pdgOU14CDSUaYf8fRW63b/baa609aad0debe267c7452c6757ab292/web-CSR-impact-reportCover-1000x1000.png,509
bgS7GEjyzhSdk1MOZeKhM,https://images.ctfassets.net/ta4ffdi8h2om/5fzNhfa1CJO4jeb4j5QDAU/98ca23cf494da25165e9654909f06cc2/web-CSR-overview-hootgiving-graphic-1000x1000.png,510
3IlLpFsikfmzOaqS14fNB0,https://images.ctfassets.net/ta4ffdi8h2om/3LjL60Z2tgszAcrDJhIIva/cad3c54ef8da06039baaa90ce1adf42d/web-CSR-hero.gif,511
lCej5Zo9kucAx9hdofLMB,https://images.ctfassets.net/ta4ffdi8h2om/6LAvjGGynEXfx76ieEC21q/d1a72ed3811eb6ac97575e8fb8134778/web-CSR-impact-reportCover-1000x1000.png,512
2S3bWueZX7LJGqFzc7VB4O,https://images.ctfassets.net/ta4ffdi8h2om/2XNLzB6ffV9MKsgbkjfpnp/a9bcc14011f25244d66c7ede42382a2c/landing-page-instagram-section3.png,513
5WKHV1vJDPAdbD4mxfH7gm,https://images.ctfassets.net/ta4ffdi8h2om/4uwFjYHdGST5J2UHWKtk6w/3d0c0bb1eddc8063a9008ad8d2220aed/clients_paypal.png,514
7xypyawTXOl9LkYlDCrxn5,https://images.ctfassets.net/ta4ffdi8h2om/7yvZW3y7lsb8344VlDPV2o/5691beb1a67f230aad56ed4c4e45c29e/HBO_logo.png,515
3obTI3YRoy25cJDrPz590C,https://images.ctfassets.net/ta4ffdi8h2om/2pJZpdFEpfKzWujh6mCP3F/9f6b2a1ce5719c76ae6b73a0aab55fcf/panoramiq-insights-256x256_201204_232935.png,516
2H6yecpySZbDGNU1GjaUpA,https://images.ctfassets.net/ta4ffdi8h2om/7ERd3pPcgvushxBCNJbR88/9a26ff6a64254eab793e6b9ae88520f7/Instagram-Card-3.jpg,517
6Mq3wR0WZKtxrOH4Ce5p8j,https://images.ctfassets.net/ta4ffdi8h2om/4kXwOTs57i3xMczk2XeyFz/dc122be7bc4d8752e78b222902b4187f/Instagram-Card-1.jpg,518
7EnhOD7He3MsGnMPraoVLV,https://images.ctfassets.net/ta4ffdi8h2om/4oysGhsIWCOyH0KRyw1PcC/b3f3b2cfa0771a0de84f25113f135d2b/Instagram-Card-2__1_.jpg,519
6Xd4IRVJCqUouL4uocQAht,https://images.ctfassets.net/ta4ffdi8h2om/1ptI5Bga8pClKsq70HDTyV/9369b3846f42f16abdd2782622c6ba54/Visa.png,520
5yaeRAdVnFbPsJ3vFDynKb,https://images.ctfassets.net/ta4ffdi8h2om/ho0gnKk6v87igge8qcnqc/cfb2e912d313c3099cc4f46ec6fad633/LinkedIn-card-3.jpg,521
28Nf8drztqYO4I6SfAooFr,https://images.ctfassets.net/ta4ffdi8h2om/4X0pOPtRIjlaX3VMdhP4AC/9339c0d16570917f9001c84daa1a9b77/synapview-256x256-1_201204_232943-1.png,522
1UwVvAAohAeIMnUIBR0ny6,https://images.ctfassets.net/ta4ffdi8h2om/1qVjhuEtuGS2CT6pXMEKiy/ae34f8df935093eb2362e050dfb1e84c/Linkedin-Card-1.jpg,523
1MeeiYtfyVyWfhNDsseis0,https://images.ctfassets.net/ta4ffdi8h2om/6j88CzIMyDbQimq5kKS9FO/3c34a1d71fc1d40d4461884ce12bfe3f/LinkedIn-card-2.jpg,524
1O5Lvxq6pylcD20c3C6ROz,https://images.ctfassets.net/ta4ffdi8h2om/1TJqnA8RRsXmV8HIgWws29/2532d3b40d229ccd07ad40bba445b49d/multiview-256x256_201204_232950.png,525
5S7C8jencTw8mjyX3mrrz3,https://images.ctfassets.net/ta4ffdi8h2om/1FRXZzVW0uQk2D9cgGkDwk/8f6246b33077f3f490adac25322701e3/logo_expedia_2x.png,526
7Dz6TkwnJOb6XOQQmssApT,https://images.ctfassets.net/ta4ffdi8h2om/lCBWXNpmAmjIblrKwOit6/e805775e4ead37821223d48e3d5fe43a/adview-256x256_201204_232925.png,527
2KfAX8aS1W5T4WDrq3hdZi,https://images.ctfassets.net/ta4ffdi8h2om/5adNb4eXf7uFmeahelM6y/2e27d9c4d2c63cd5d8b2ed94e12c2485/Social-media-awards-card-image.jpg,528
5MMRpYxfbzkYSAgpe0pi1D,https://images.ctfassets.net/ta4ffdi8h2om/6nrZhIsh49LCgMUM2StsVb/cbdf147c3cab1522c370523e678d2573/2x5.png,529
4O9tRnqsD8ogEMiqJN55xV,https://images.ctfassets.net/ta4ffdi8h2om/Af0Sch4aksod7g5jyTOIF/bf7b7b408951bc5d895cfe8b541fa085/trends-2020.png,530
5LYcbGH9EZ7lzSIGLjvE5P,https://images.ctfassets.net/ta4ffdi8h2om/1xd5AOUHj2iua6lxnntuma/b417fb328f764b55d45558efdb2aa9ae/2x2.png,531
1tKbnuM78nwf39BePB5szs,https://images.ctfassets.net/ta4ffdi8h2om/4hblBsY8qtPmb6oeQ8mp8o/38d173ee04a5921c1572b8082176837e/Best-time-to-post-on-Facebook-Twitter-LinkedIn-Instagram-and-Pinterest.png,532
36XtSiOKMG9KXR20JoywR1,https://images.ctfassets.net/ta4ffdi8h2om/2K2L72gDg52frIbEDw4LRI/1d4a51de73c439d1306f3767da59689d/instagram-engagement_200310_190746.png,533
1C8JSgfpd5ApJqTZUxOH6o,https://images.ctfassets.net/ta4ffdi8h2om/191Hte9kCoXUvL5eofqU62/b6c780f29cc87fee35af2662e310243e/what-is-tiktok.png,534
4e2MpgpDJQCwcyCDyB7VF0,https://images.ctfassets.net/ta4ffdi8h2om/2zdT3LxGtXL9SJVi8VVGWr/a37c36ee74038f73d73c8a301391db87/2x1.png,535
TYsb7QGxXkCTsKZxclBIm,https://images.ctfassets.net/ta4ffdi8h2om/63FY10cDdTNXfro1to647U/ed9466eb5231a7df8fd51117ea2f4d7d/social-media-statistics.png,536
4QKwKzYMbAxIn8vvbYWVbm,https://images.ctfassets.net/ta4ffdi8h2om/2KBvcOjBdsZXoILIPg7UkZ/553690e734100d0cb05c4310b7b19336/tiktok-analytics.jpg,537
4O5b1OI5MikuHHaU7F6sQM,https://images.ctfassets.net/ta4ffdi8h2om/1ywWDwn6NnWiy5nrJ47W18/8c2d5bbbd08a42265d7c7b756a0802c7/The-Top-Instagram-Updates-You-Need-to-Know-1.png,538
6gOBMVehWOpGexKd3LDVJI,https://images.ctfassets.net/ta4ffdi8h2om/3taLDJR3WaOUSXeBD3YAMy/50ac9f6109b8e6c71112dc35c890fdcb/Untitled-design-49.png,539
5lafej2luc5xPqekvvughe,https://images.ctfassets.net/ta4ffdi8h2om/6Q64zK3fELDKdJPlxeV8PD/961abf1f41a12507dc875cee3e275c97/clarins-mediacard__1_.jpg,540
6tMjOXlQOB7T7tanfE1y79,https://images.ctfassets.net/ta4ffdi8h2om/rnXaUAgPhGIR9Fy1HPP0z/0def068ccb64e7e16676fa271795caaf/ST_Relationships-efficiency-cultural-transformation_1080x1080.jpg,541
6A3W3UiawIwfnBZjBfAyq2,https://images.ctfassets.net/ta4ffdi8h2om/32v1oAy6iE6Uz38hHByIbl/612cc6b5bf8a68fea0c3c055a3a3f664/img_201023_224951.png,542
1gb0NZDIb0bIdXjhUdkyYY,https://images.ctfassets.net/ta4ffdi8h2om/1Rlllfi1YQtaFjdROAvGKv/e1e74afa0579aa7b318017cc5764b451/img2_201023_224919.png,543
7vXkDVmoGJ2NUOqiOGhbnG,https://images.ctfassets.net/ta4ffdi8h2om/5eKWe4NQ73DIouZMgFw2DZ/b3c8de3c712153ebdcd8bec46255e67f/ST_sma_graphic.jpg,544
6R9rtUAsxPZyLM9K94wTkd,https://images.ctfassets.net/ta4ffdi8h2om/2oZayY6mSk0cLCX6nttQvy/a2f232256638479c63b3eabe028625ba/Screen-Shot-2020-11-17-at-8.32.12-PM.png,545
6m0DtF9JQBS4RQzJDjK77B,https://images.ctfassets.net/ta4ffdi8h2om/3YyJmm1J2Kvx5940uI8bKo/0511fe6641a1f8d0988795659ad953ee/Screen-Shot-2020-11-17-at-8.29.49-PM.png,546
3GqcUtwZlGEzoeHsH0UZgV,https://images.ctfassets.net/ta4ffdi8h2om/NGMqQkUFKC6z6zio3vCTO/464a08aa80cdd0377645d32e64313052/linkedin-demographics.png,547
6lBYgEc3EyVqbPfHZX0Ca7,https://images.ctfassets.net/ta4ffdi8h2om/4Ba1WVC1ufGSZ0hdtsKuyU/cae06005d28830ecb0a3ea34791f6a53/digital-in-2020_2x_201118_042250.jpg,548
7nF9PZqXa5jTjWtmZO0xpN,https://images.ctfassets.net/ta4ffdi8h2om/4NTRTzJEJPRWJGcFEXDIPH/6855aa3e7fdea2af53e5dd60223c56a9/Trends-2021_resource-image-card.jpg,549
4Sx8RCLUQFmU8QfjpJNBw7,https://images.ctfassets.net/ta4ffdi8h2om/3zYa1bP4zXwPsp2CAXKQRp/3baf013ed7ab8a42b7cd6fed2ae61b01/Group-43-Copy-2_2x-2.png,550
22UZGUmi11A13qWdOuzype,https://images.ctfassets.net/ta4ffdi8h2om/tUhjj4TL6skKcc1ytrqGN/a59fb10fd0ee1eb7361df96cf6bf05b1/Business_2x_210111_221703.png,551
67r86k0ZIhcXevWE7VcGoB,https://images.ctfassets.net/ta4ffdi8h2om/1wdG06NSKuVeFbG8k2HqIr/d2945796a6e91fbef5015c6e35de30f7/LinkedIn-card-2.jpg,552
446TQav425gqoWyuRyKhq3,https://images.ctfassets.net/ta4ffdi8h2om/6Qol3MrA0B3tahg3mSfWBg/dcf82251855e313edff1fc1ea3c1fe4b/Cookies_list.png,553
7991r5nkNANAF0Zwybm8kT,https://images.ctfassets.net/ta4ffdi8h2om/6tOo1XnUmBOGylU2QanzhE/c4136e833cdfdee58ff90094bff8c479/Scheduled_downtime_notification_schedule.png,554
60ixQEDSSjcFsBqHvICE1w,https://images.ctfassets.net/ta4ffdi8h2om/55TLoTU90vjRKBpb3QAUG6/6531c0e8c6a8540c68c8e7006e763957/Severity_4.png,555
3lYZsvmqMuGEJesxgQjcTr,https://images.ctfassets.net/ta4ffdi8h2om/2Jl8q8VpgLRAiDMWzbTKuv/de78094acb78fca1aef5b96f05bbb758/Severity_3.png,556
2YgWyJkYpnlMvbCmfyqCvY,https://images.ctfassets.net/ta4ffdi8h2om/3XjnIcgP9NGTgi6UOdgoC1/446f066a76c982a5c99e485a23f1e4ba/Severity_2.png,557
6OTWHNMeUrpmg2U3kjXkEC,https://images.ctfassets.net/ta4ffdi8h2om/5q0350hwTQgrVClPTGqjcE/0e810d9493c622645246c4ea96a494a4/Severity_1.png,558
2cFJwTf7x0bvOfaPKrxyvP,https://images.ctfassets.net/ta4ffdi8h2om/73zWWl0hUIkOfCN0IiWGd1/c2b662b029869f1cd4a45ceae0c446f5/feat_07_210603_211625.png,559
4skNfh0sanVugnvfP775VW,https://images.ctfassets.net/ta4ffdi8h2om/4EtdTEzYUl9t1CmXW0oVJf/3d8a487b3db422a70f3b145fdb354dd0/fullIcon_14.png,560
7JX1UyaR0lVHP5BXDoP9tA,https://images.ctfassets.net/ta4ffdi8h2om/uZhHEGF4iZQyJOTA4cQyh/85c945ed67b1fe838d6980525c87b016/fullIcon_13.png,561
3t5BLT06AHP3y2ORy6D4Hg,https://images.ctfassets.net/ta4ffdi8h2om/29mlYPKKtzZQ91TT7w7S3f/c259a41d92388323b00b9d13d5fabf21/fullIcon_12.png,562
AqilB94iSaaFprXEstomY,https://images.ctfassets.net/ta4ffdi8h2om/4djD4G1dLmXzOdPJdqrWnA/929c0e8f4042c40a73abed1d212e3c45/fullIcon_11.png,563
5fvYUHIBUWmynzfeSY3hvC,https://images.ctfassets.net/ta4ffdi8h2om/2WLpuRwm8FwLeHqI505raC/951b67134607d41a92f8c85de702b833/fullIcon_16.png,564
Uheg0fsrfn0hc06NZjJec,https://images.ctfassets.net/ta4ffdi8h2om/5yhfEmSdalhFY6h6fFLaPd/2f72b70fbed707a31dec2b8e854aae05/fullIcon_09.png,565
39sDsUcmAJGNHZdeLEbFQB,https://images.ctfassets.net/ta4ffdi8h2om/7CJWVIlwAdGIjpicP3qpiB/673877e5286af02e47e06a0043a27f1f/work-from-home.png,566
7CRYSQJYMdz5IgCRL0Djro,https://images.ctfassets.net/ta4ffdi8h2om/33y4MEogB2bMdNmDH86HYI/f1ab66087d475222828104f41ddc9dd7/family-care-program.png,567
5YOT5zI4hDt80AUvokgeHA,https://images.ctfassets.net/ta4ffdi8h2om/Rm95DdXpx531bhZRDVx44/3216bb8f4c5d519024c2eb89a894e70c/disabilty.png,568
2jdSLUDWdrf66cR9IqrvlZ,https://images.ctfassets.net/ta4ffdi8h2om/1Fp70EDc0ovd7SdjBWDZtd/3401a697c86e7ab523494e86acbf3b78/pension-matching.png,569
6lIW6zgir9W735fXRHP7uA,https://images.ctfassets.net/ta4ffdi8h2om/65imaG6G2x41yUcTIJ0IMt/02cefcd3a13ebf69ae91510af1e83753/mat-leave.png,570
2d0z3DBQf0nt26v2BETei0,https://images.ctfassets.net/ta4ffdi8h2om/4PmfZFxSKULEreJJ8l607f/7ba074dbd264e7cf2d8806a7cb5e35e6/fertility-treatments.png,571
2MTjZfLFRowsqaEIV2vrEc,https://images.ctfassets.net/ta4ffdi8h2om/72hngzoJaIuG6mbD4wQqhy/b2b7d4c83db18f173283beadd0700bed/gender-affirmation.png,572
neaZoUNzla66nj5MT2Rvq,https://images.ctfassets.net/ta4ffdi8h2om/1OAqoFw2ncXccngUQlB1rb/6ad77f7f15f90df18b2a84105726851e/mental-health-services.png,573
3gwD4meLyCbTcVJ7quVuLY,https://images.ctfassets.net/ta4ffdi8h2om/6bZA9fvYpO14FlK8X6DLNt/16e310ba71f40c3fff91584479387079/amplify.svg,574
7hPxxUjQiDai4ThvPlm7QQ,https://images.ctfassets.net/ta4ffdi8h2om/100tYJ7LLtm5UnEgHOwDhT/933072469697438d8b9db29ab5811026/impact.svg,575
4o1HMn6ysMydQYOByysb2H,https://images.ctfassets.net/ta4ffdi8h2om/6WM2r0lOmF9zoDfS1h7KmK/6c58e7574a58117bb0c5541391b3528c/ads.svg,576
uiZk6FDzO6i5Gj5Op5IRW,https://images.ctfassets.net/ta4ffdi8h2om/74DIFFCZ5Mq9mHWOZctGAg/6a5ec5d05bd450395af3a46988b0b08a/Hootsuite-Inbox-Illustration_3x-2.png,577
2GgHhClZKwdnbe4qsluhEF,https://images.ctfassets.net/ta4ffdi8h2om/43l3Cha4IqFOJsJlr0PU41/174659388130041e27204ea9fd53a028/App-directory_210111_220336.png,578
6h31HeuPkpugMBAFAX1VHr,https://images.ctfassets.net/ta4ffdi8h2om/6MMYMauk50L4Ao5skIPn1T/33bb41842715431cccb56775fc591ede/Hootsuite_AddPowerToPosts_Illustration_3x.png,579
5SevIN8YNNBHiFeBtgsJ4z,https://images.ctfassets.net/ta4ffdi8h2om/1aZhjGGDZzZhyRqCUzKGFq/2a4395fcf358a489db0b8c92c83c5619/Group-13_3x-1.png,580
6PGwtAdmfamVzXA1vfhFZH,https://images.ctfassets.net/ta4ffdi8h2om/1gr3GsPi5Cjo18aFMVjqzZ/d58380e6473e999279c9e13a0e91281e/support-icon.svg,581
66eQaqAnthTkGQJ6t1lss3,https://images.ctfassets.net/ta4ffdi8h2om/5EutyGeyp0r4QvbNbI8fux/619b8d094ecd7816dddfd8fd23eeba92/publishing-approvals.svg,582
7h3YaBHTAXznOhoS55HxNs,https://images.ctfassets.net/ta4ffdi8h2om/2q9k5PPxHZX7WZqAJj7Let/5b8639cea9c30251750fc21bce16d4f9/users_191015_172925.svg,583
443Z22pvfcPFo5fxVSg6Ns,https://images.ctfassets.net/ta4ffdi8h2om/6HzPyyrMWLBvDFzTAW5a0n/ca9eb3cfec565bcf587fcf411bac27fd/social-profiles_191015_172909.svg,584
5yL3Y1JbYhgPjIDANNoUTS,https://images.ctfassets.net/ta4ffdi8h2om/18PU6vSn1Ypcibf75DNWoS/55763ab24152495de44ac9e0b8dc1d7e/hero_3x_191023_155109.jpg,585
7EQzYzLdgrZEl0it8eGyYw,https://images.ctfassets.net/ta4ffdi8h2om/rMVs2XXNFNNo9lPZSoZbT/f8923025185773afa51f06a9a250759a/check-mark.png,586
5buhZqoMzyUQtkPvB8IvFG,https://images.ctfassets.net/ta4ffdi8h2om/ZeAljkWFdAA0GVQLlVL9e/d639b7fc46699f200b929e82f23eb60e/synergy-logo.png,587
2eIvXcLhH7oBSQN1GU6DsI,https://images.ctfassets.net/ta4ffdi8h2om/4myqeycOCaDix6xNGq2FPF/b819a50f1af8a686aaa23025c110d1e5/brandwatch-media-block-img.jpg,588
63eIfPZOteagUmWsGpS8T4,https://images.ctfassets.net/ta4ffdi8h2om/1KQyofPdEcccaFa4EnZopZ/e3a5743e4294f622bf5ac37d52e9206f/PathwayCard-BusinessAndEnterprise.png,589
3GhZLwKlPiRKzBuaTdlQk6,https://images.ctfassets.net/ta4ffdi8h2om/6dcU9RdMiEc1E8lMkJduEF/2ab28b9e711754754d119090ee43c248/PathwayCard-ProAndTeam.png,590
3HR4wREiYjdYTrJL0t8pua,https://images.ctfassets.net/ta4ffdi8h2om/6pUQ2oDU90ydY31QMfXKvJ/6075d225f6fcd79d154776ff8229721e/ProactiveNudging-Emails_SMBootCamp-1__1_.png,591
